Code,Full_weight_kg,Sample_weight_kg,137Cs_Bq/kg,Relative_uncertainty_137Cs_%,Fraction_90Sr_recovered,Relative_uncertainty_90Sr_recovery_%,90Sr_Bq/kg,Relative_uncertainty_90Sr_%,40K_Bq/kg,Relative_uncertainty_40K_%,226Ra_Bq/kg,Relative_uncertainty_226Ra_%,232Th_Bq/kg,Relative_uncertainty_232Th_%,137Cs_kBq/m2,Relative_uncertainty_137Cs_kBq/m2,90Sr_kBq/m2,Relative_uncertainty_90Sr_kBq/m2,Ratio_Cs:Sr
4,1.639,1.109,7.95E+01,1.00E+01,8.10E-01,4.00E+00,1.75E+01,1.17E+01,1.10E+02,1.60E+01,7.00E+00,2.90E+01,1.00E+01,1.90E+01,2.56E+01,2.56E+00,5.65E+00,6.61E-01,4.53E+00
7,1.88,1.502,4.20E+01,8.00E+00,7.70E-01,4.00E+00,7.66E+00,7.21E+00,1.27E+02,1.30E+01,9.00E+00,2.60E+01,7.00E+00,1.80E+01,1.55E+01,1.24E+00,2.83E+00,2.04E-01,5.48E+00
12,1.76,1.412,1.09E+02,6.00E+00,9.00E-01,4.00E+00,2.49E+01,1.08E+01,1.24E+02,1.30E+01,1.00E+01,2.20E+01,7.00E+00,2.00E+01,3.77E+01,2.26E+00,8.61E+00,9.27E-01,4.38E+00
21,1.721,1.415,9.60E+01,6.00E+00,9.20E-01,4.00E+00,2.72E+01,9.85E+00,1.18E+02,1.50E+01,1.00E+01,2.40E+01,6.00E+00,2.60E+01,3.25E+01,1.95E+00,9.19E+00,9.05E-01,3.53E+00
39,1.45,0.997,3.90E+02,7.00E+00,9.80E-01,4.00E+00,1.65E+02,8.94E+00,1.50E+02,1.40E+01,1.90E+01,3.30E+01,1.20E+01,2.40E+01,1.11E+02,7.78E+00,4.70E+01,4.20E+00,2.37E+00
45,1.415,1.225,9.90E+01,7.00E+00,8.20E-01,4.00E+00,2.23E+01,9.85E+00,1.54E+02,1.30E+01,1.40E+01,2.40E+01,9.00E+00,1.90E+01,2.75E+01,1.93E+00,6.21E+00,6.11E-01,4.44E+00
48,1.853,1.404,3.80E+01,8.00E+00,9.80E-01,4.00E+00,1.33E+01,1.46E+01,1.25E+02,1.30E+01,9.00E+00,2.50E+01,9.00E+00,1.70E+01,1.38E+01,1.11E+00,4.86E+00,7.07E-01,2.85E+00
51,1.771,1.252,1.04E+02,7.00E+00,9.90E-01,4.00E+00,3.60E+01,9.85E+00,2.33E+02,1.10E+01,1.30E+01,2.40E+01,1.40E+01,1.50E+01,3.62E+01,2.53E+00,1.25E+01,1.23E+00,2.89E+00
54,1.596,1.249,1.19E+02,6.00E+00,6.10E-01,4.00E+00,5.94E+01,9.85E+00,2.07E+02,1.10E+01,1.50E+01,2.40E+01,1.20E+01,1.70E+01,3.73E+01,2.24E+00,1.87E+01,1.84E+00,2.00E+00
57,1.836,1.361,6.00E+00,1.60E+01,9.20E-01,4.00E+00,3.04E+00,6.50E+00,3.20E+00,1.10E+01,1.20E+01,1.60E+01,1.40E+01,1.20E+01,2.17E+00,3.46E-01,1.10E+00,7.14E-02,1.97E+00
61,1.638,1.341,5.10E+01,6.00E+00,9.70E-01,4.00E+00,1.44E+01,1.46E+01,1.10E+02,1.00E+01,8.50E+01,1.80E+01,6.60E+00,1.20E+01,1.64E+01,9.85E-01,4.65E+00,6.77E-01,3.53E+00
62,1.736,1.303,1.08E+02,6.00E+00,9.50E-01,4.00E+00,1.82E+01,1.08E+01,1.78E+02,1.10E+01,1.40E+01,2.30E+01,1.10E+01,1.70E+01,3.69E+01,2.21E+00,6.21E+00,6.69E-01,5.93E+00
68,1.435,1.116,1.02E+02,6.00E+00,6.70E-01,4.00E+00,2.87E+01,1.46E+01,1.35E+02,1.40E+01,1.30E+01,2.50E+01,8.00E+00,2.20E+01,2.88E+01,1.73E+00,8.08E+00,1.18E+00,3.56E+00
69,1.748,1.14,3.30E+02,6.00E+00,9.20E-01,4.00E+00,1.74E+02,8.94E+00,2.20E+02,1.20E+01,2.00E+01,3.00E+01,1.20E+01,2.10E+01,1.13E+02,6.80E+00,5.97E+01,5.34E+00,1.90E+00
76,1.77,1.325,7.50E+01,7.00E+00,8.30E-01,4.00E+00,2.45E+01,1.26E+01,2.63E+02,1.00E+01,1.50E+01,2.00E+01,1.50E+01,1.40E+01,2.61E+01,1.83E+00,8.51E+00,1.08E+00,3.07E+00
92,1.719,1.345,8.80E+01,5.00E+00,9.50E-01,4.00E+00,4.83E+01,8.94E+00,1.82E+02,6.00E+00,9.50E+00,8.00E+00,1.10E+01,6.00E+00,2.97E+01,1.49E+00,1.63E+01,1.46E+00,1.82E+00
95,1.892,1.336,8.50E+01,6.50E+00,9.60E-01,4.00E+00,2.46E+01,9.85E+00,1.31E+02,1.30E+01,1.10E+01,2.20E+01,9.00E+00,1.80E+01,3.16E+01,2.05E+00,9.15E+00,9.01E-01,3.45E+00
106,1.438,1.188,3.00E+02,6.00E+00,8.20E-01,4.00E+00,1.35E+02,8.94E+00,1.50E+02,1.10E+01,1.00E+01,3.50E+01,9.00E+00,1.90E+01,8.48E+01,5.09E+00,3.82E+01,3.42E+00,2.22E+00
111,1.689,1.2,1.87E+02,9.00E+00,8.70E-01,4.00E+00,7.11E+01,8.94E+00,1.50E+02,1.30E+01,1.30E+01,2.40E+01,1.00E+01,2.00E+01,6.21E+01,5.59E+00,2.36E+01,2.11E+00,2.63E+00
113,1.661,1.335,1.91E+02,6.00E+00,6.80E-01,4.00E+00,1.37E+01,1.26E+01,1.56E+02,1.30E+01,1.20E+01,3.50E+01,9.00E+00,2.30E+01,6.24E+01,3.74E+00,4.49E+00,5.68E-01,1.39E+01
115,1.502,1.31,2.85E+02,6.00E+00,6.40E-01,4.00E+00,3.52E+01,9.85E+00,1.10E+02,1.50E+01,7.00E+00,4.00E+01,5.00E+00,4.00E+01,8.42E+01,5.05E+00,1.04E+01,1.02E+00,8.11E+00
116,1.475,1.131,1.60E+02,6.00E+00,5.90E-01,4.00E+00,4.65E+01,8.94E+00,2.15E+02,7.00E+00,1.20E+01,1.40E+01,1.10E+01,9.00E+00,4.64E+01,2.78E+00,1.35E+01,1.21E+00,3.44E+00
119,1.42,1.23,2.50E+02,6.00E+00,8.40E-01,4.00E+00,9.46E+01,8.06E+00,8.00E+01,1.50E+01,9.00E+00,3.00E+01,5.00E+00,3.00E+01,6.98E+01,4.19E+00,2.64E+01,2.13E+00,2.64E+00
121,1.607,1.204,1.60E+02,6.00E+00,9.60E-01,4.00E+00,5.33E+01,8.06E+00,8.00E+01,6.00E+00,6.00E+00,1.20E+01,5.00E+00,8.00E+00,5.05E+01,3.03E+00,1.68E+01,1.36E+00,3.00E+00
127,1.662,1.21,8.00E+01,7.00E+00,9.30E-01,4.00E+00,3.09E+01,8.94E+00,1.00E+02,1.70E+01,1.00E+01,2.50E+01,6.00E+00,3.00E+01,2.61E+01,1.83E+00,1.01E+01,9.02E-01,2.59E+00
131,1.72,1.331,1.92E+02,6.00E+00,8.50E-01,4.00E+00,8.55E+01,8.94E+00,9.00E+01,9.00E+00,6.00E+00,2.30E+01,5.00E+00,1.80E+01,6.49E+01,3.90E+00,2.89E+01,2.59E+00,2.24E+00
135,1.589,1.235,4.00E+01,1.20E+01,9.60E-01,4.00E+00,3.85E+00,2.04E+01,6.40E+01,1.80E+01,7.00E+00,2.70E+01,6.00E+00,2.30E+01,1.25E+01,1.50E+00,1.20E+00,2.46E-01,1.04E+01
137,1.443,1.386,2.90E+01,9.00E+00,8.50E-01,4.00E+00,8.59E+00,1.55E+01,9.80E+01,1.60E+01,1.20E+01,2.10E+01,7.00E+00,2.00E+01,8.23E+00,7.40E-01,2.44E+00,3.78E-01,3.38E+00
141,1.188,0.895,5.90E+01,8.00E+00,9.20E-01,5.00E+00,9.02E+00,2.55E+01,9.90E+01,1.80E+01,1.30E+01,2.60E+01,8.50E+00,2.20E+01,1.38E+01,1.10E+00,2.11E+00,5.37E-01,6.54E+00
151,1.397,1.203,1.20E+02,6.00E+00,9.20E-01,4.00E+00,2.81E+01,9.85E+00,1.30E+02,1.50E+01,1.50E+01,3.00E+01,7.00E+00,2.50E+01,3.30E+01,1.98E+00,7.71E+00,7.59E-01,4.28E+00
153,1.505,1.138,1.90E+02,6.00E+00,8.80E-01,4.00E+00,5.19E+01,8.06E+00,1.80E+02,1.40E+01,1.50E+01,2.80E+01,1.20E+01,2.30E+01,5.62E+01,3.37E+00,1.54E+01,1.24E+00,3.66E+00
155,1.639,1.233,1.60E+02,6.00E+00,8.40E-01,4.00E+00,3.36E+01,8.06E+00,2.30E+02,1.20E+01,1.80E+01,2.30E+01,1.30E+01,1.80E+01,5.16E+01,3.09E+00,1.08E+01,8.72E-01,4.77E+00
156,1.448,1.097,1.50E+02,6.00E+00,9.90E-01,4.00E+00,5.33E+01,8.94E+00,2.20E+02,6.00E+00,1.30E+01,7.00E+00,1.20E+01,6.00E+00,4.27E+01,2.56E+00,1.52E+01,1.36E+00,2.81E+00
158,1.501,1.131,1.64E+02,7.00E+00,9.00E-01,4.00E+00,5.09E+01,8.06E+00,1.90E+02,1.30E+01,1.50E+01,2.40E+01,9.00E+00,2.90E+01,4.84E+01,3.39E+00,1.50E+01,1.21E+00,3.22E+00
159,1.488,1.112,1.80E+02,6.00E+00,7.50E-01,4.00E+00,5.33E+01,8.94E+00,3.00E+02,1.00E+01,1.70E+01,2.40E+01,1.50E+01,1.50E+01,5.27E+01,3.16E+00,1.56E+01,1.39E+00,3.38E+00
161,1.411,1.105,2.20E+02,6.00E+00,9.70E-01,4.00E+00,6.65E+01,9.85E+00,3.50E+02,1.00E+01,2.10E+01,2.50E+01,2.00E+01,1.40E+01,6.10E+01,3.66E+00,1.84E+01,1.82E+00,3.31E+00
162,1.561,1.367,1.70E+02,6.00E+00,9.10E-01,4.00E+00,3.58E+01,9.85E+00,1.80E+02,1.20E+01,1.10E+01,2.40E+01,9.00E+00,1.90E+01,5.22E+01,3.13E+00,1.10E+01,1.08E+00,4.75E+00
166,1.822,1.056,2.10E+02,6.00E+00,9.30E-01,4.00E+00,1.00E+02,7.21E+00,2.10E+02,1.10E+01,1.30E+01,2.50E+01,1.30E+01,1.70E+01,7.52E+01,4.51E+00,3.58E+01,2.58E+00,2.10E+00
169,1.533,1.145,1.80E+02,6.00E+00,8.20E-01,4.00E+00,9.56E+01,7.21E+00,2.10E+02,1.10E+01,1.30E+01,2.60E+01,1.00E+01,2.20E+01,5.42E+01,3.25E+00,2.88E+01,2.08E+00,1.88E+00
172,1.427,1.09,2.20E+02,6.00E+00,9.50E-01,4.00E+00,1.25E+02,8.06E+00,1.27E+02,7.00E+00,8.00E+00,1.10E+01,7.00E+00,8.00E+00,6.17E+01,3.70E+00,3.50E+01,2.82E+00,1.76E+00
175,1.506,0.998,2.40E+02,6.00E+00,7.60E-01,4.00E+00,1.09E+02,8.06E+00,2.70E+02,1.20E+01,2.20E+01,2.40E+01,1.80E+01,1.60E+01,7.11E+01,4.26E+00,3.23E+01,2.60E+00,2.20E+00
176,1.424,1.12,2.30E+02,7.00E+00,9.20E-01,4.00E+00,5.64E+01,8.94E+00,3.00E+02,1.20E+01,1.70E+01,2.60E+01,1.60E+01,1.70E+01,6.44E+01,4.51E+00,1.58E+01,1.41E+00,4.08E+00
177,1.44,1.24,1.90E+02,6.00E+00,8.60E-01,4.00E+00,7.12E+01,8.94E+00,2.90E+02,8.00E+00,2.00E+01,1.70E+01,1.60E+01,1.20E+01,5.38E+01,3.23E+00,2.01E+01,1.80E+00,2.67E+00
178,1.69,1.257,1.72E+02,7.00E+00,8.60E-01,4.00E+00,2.71E+01,1.17E+01,2.90E+02,9.00E+00,1.60E+01,1.90E+01,1.50E+01,2.10E+01,5.71E+01,4.00E+00,9.00E+00,1.05E+00,6.35E+00
185,1.562,1.109,1.60E+02,7.00E+00,8.20E-01,4.00E+00,7.57E+01,8.94E+00,2.58E+02,1.00E+01,9.00E+00,4.20E+01,1.20E+01,2.60E+01,4.91E+01,3.44E+00,2.33E+01,2.08E+00,2.11E+00
188,1.859,1.207,1.34E+02,7.00E+00,9.20E-01,4.00E+00,5.75E+01,9.85E+00,1.66E+02,1.40E+01,1.50E+01,2.70E+01,1.00E+01,1.90E+01,4.90E+01,3.43E+00,2.10E+01,2.07E+00,2.33E+00
189,2.015,1.618,9.00E+01,6.00E+00,9.40E-01,4.00E+00,2.63E+01,8.94E+00,9.20E+01,1.60E+01,1.00E+01,2.60E+01,6.00E+00,2.50E+01,3.57E+01,2.14E+00,1.04E+01,9.31E-01,3.43E+00
192,2.005,1.47,9.10E+01,6.00E+00,8.90E-01,4.00E+00,1.71E+01,1.17E+01,6.70E+01,1.80E+01,9.00E+00,3.00E+01,5.00E+00,2.80E+01,3.59E+01,2.15E+00,6.75E+00,7.90E-01,5.31E+00
202,1.888,1.434,3.40E+01,8.00E+00,9.90E-01,4.00E+00,8.08E+00,2.04E+01,1.45E+02,1.20E+01,1.00E+01,2.10E+01,9.00E+00,1.50E+01,1.26E+01,1.01E+00,3.00E+00,6.12E-01,4.21E+00
211,2.012,1.528,2.60E+01,5.00E+00,8.10E-01,4.00E+00,5.93E+00,1.75E+01,1.08E+02,6.00E+00,6.00E+00,7.00E+00,6.00E+00,6.00E+00,1.03E+01,5.14E-01,2.34E+00,4.09E-01,4.39E+00
233,1.929,1.348,3.90E+01,1.20E+01,9.20E-01,4.00E+00,4.46E+00,1.84E+01,3.00E+01,3.20E+01,8.00E+00,2.40E+01,6.00E+00,2.40E+01,1.48E+01,1.77E+00,1.69E+00,3.12E-01,8.75E+00
236,1.981,1.38,3.50E+01,8.00E+00,9.40E-01,4.00E+00,6.38E+00,3.03E+01,1.47E+02,1.20E+01,1.10E+01,2.20E+01,1.00E+01,1.50E+01,1.36E+01,1.09E+00,2.49E+00,7.52E-01,5.48E+00
238,2.04,1.502,3.30E+01,8.00E+00,9.70E-01,4.00E+00,5.26E+00,3.03E+01,1.29E+02,1.30E+01,1.00E+01,2.20E+01,8.00E+00,1.60E+01,1.32E+01,1.06E+00,2.11E+00,6.38E-01,6.28E+00
241,2.031,1.616,3.40E+01,6.00E+00,8.90E-01,4.00E+00,3.93E+00,4.02E+01,1.00E+02,9.00E+00,7.00E+00,1.60E+01,6.00E+00,1.20E+01,1.36E+01,8.15E-01,1.57E+00,6.31E-01,8.65E+00
244,1.973,1.506,7.30E+01,7.00E+00,8.90E-01,4.00E+00,5.28E+00,3.03E+01,1.11E+02,1.30E+01,8.00E+00,2.50E+01,7.00E+00,1.80E+01,2.83E+01,1.98E+00,2.05E+00,6.20E-01,1.38E+01
250,1.912,1.52,7.70E+01,6.00E+00,7.90E-01,4.00E+00,4.97E+01,1.08E+01,5.30E+01,1.60E+01,7.00E+00,3.10E+01,5.00E+00,2.20E+01,2.89E+01,1.74E+00,1.87E+01,2.01E+00,1.55E+00
253,1.488,1.209,1.90E+02,7.00E+00,9.10E-01,4.00E+00,3.81E+01,9.85E+00,2.26E+02,1.20E+01,1.40E+01,2.30E+01,1.30E+01,1.70E+01,5.56E+01,3.89E+00,1.12E+01,1.10E+00,4.98E+00
255,1.716,1.228,2.33E+02,7.00E+00,8.80E-01,4.00E+00,7.98E+01,8.94E+00,2.49E+02,1.10E+01,1.90E+01,2.30E+01,1.50E+01,1.60E+01,7.86E+01,5.50E+00,2.69E+01,2.41E+00,2.92E+00
259,1.499,1.221,2.19E+02,6.00E+00,4.00E-01,4.00E+00,1.50E+01,9.85E+00,3.00E+02,1.10E+01,1.90E+01,2.60E+01,2.00E+01,1.70E+01,6.45E+01,3.87E+00,4.42E+00,4.35E-01,1.46E+01
262,1.561,1.198,1.90E+02,6.00E+00,8.70E-01,4.00E+00,7.17E+01,7.21E+00,2.80E+02,1.10E+01,1.80E+01,2.50E+01,1.50E+01,1.60E+01,5.83E+01,3.50E+00,2.20E+01,1.59E+00,2.65E+00
265,1.539,1.337,2.00E+02,6.00E+00,9.60E-01,4.00E+00,5.26E+01,7.21E+00,1.60E+02,1.10E+01,1.20E+01,2.40E+01,9.00E+00,2.00E+01,6.05E+01,3.63E+00,1.59E+01,1.15E+00,3.80E+00
268,1.621,1.227,1.40E+02,7.00E+00,9.10E-01,4.00E+00,4.41E+01,8.94E+00,1.40E+02,1.40E+01,1.30E+01,3.00E+01,7.00E+00,2.50E+01,4.46E+01,3.12E+00,1.40E+01,1.26E+00,3.18E+00
269,1.507,1.309,1.24E+02,6.00E+00,7.50E-01,4.00E+00,4.30E+01,8.94E+00,2.10E+02,1.10E+01,1.40E+01,2.20E+01,1.20E+01,1.50E+01,3.67E+01,2.20E+00,1.27E+01,1.14E+00,2.88E+00
271,1.463,1.266,1.50E+02,6.00E+00,5.30E-01,4.00E+00,5.09E+01,8.94E+00,1.80E+02,1.20E+01,2.50E+01,1.60E+01,1.10E+01,2.10E+01,4.31E+01,2.59E+00,1.46E+01,1.31E+00,2.94E+00
272,1.396,1.206,1.70E+02,6.00E+00,6.60E-01,4.00E+00,4.27E+01,1.08E+01,2.60E+02,9.00E+00,1.90E+01,1.70E+01,1.70E+01,1.10E+01,4.67E+01,2.80E+00,1.17E+01,1.26E+00,3.98E+00
274,1.597,1.213,2.20E+02,6.00E+00,9.40E-01,4.00E+00,5.21E+01,8.06E+00,1.70E+02,1.30E+01,1.40E+01,2.50E+01,9.00E+00,2.30E+01,6.91E+01,4.14E+00,1.64E+01,1.32E+00,4.22E+00
279,2.165,1.577,3.30E+01,8.00E+00,9.00E-01,4.00E+00,6.44E+00,2.53E+01,9.60E+01,1.40E+01,8.00E+00,2.40E+01,6.00E+00,1.80E+01,1.40E+01,1.12E+00,2.74E+00,6.94E-01,5.12E+00
282,2.01,1.27,1.56E+02,6.00E+00,9.40E-01,4.00E+00,5.21E+01,9.85E+00,2.46E+02,1.00E+01,1.90E+01,1.80E+01,1.40E+01,1.50E+01,6.16E+01,3.70E+00,2.06E+01,2.03E+00,2.99E+00
285,1.623,1.286,1.40E+02,6.00E+00,8.40E-01,4.00E+00,2.15E+01,1.26E+01,1.16E+02,1.40E+01,8.00E+00,3.20E+01,7.00E+00,2.60E+01,4.47E+01,2.68E+00,6.88E+00,8.70E-01,6.50E+00
288,1.523,1.152,1.62E+02,7.00E+00,9.10E-01,4.00E+00,6.95E+01,7.21E+00,1.90E+02,1.20E+01,1.50E+01,2.20E+01,1.10E+01,1.80E+01,4.85E+01,3.40E+00,2.08E+01,1.50E+00,2.33E+00
290,1.738,1.378,1.28E+02,6.00E+00,9.10E-01,4.00E+00,3.68E+01,8.94E+00,1.00E+02,1.60E+01,6.00E+00,3.80E+01,6.00E+00,2.80E+01,4.37E+01,2.62E+00,1.26E+01,1.13E+00,3.48E+00
291,2.004,1.599,8.60E+01,6.00E+00,8.90E-01,4.00E+00,2.42E+01,1.17E+01,9.90E+01,1.40E+01,8.50E+00,2.70E+01,5.00E+00,2.70E+01,3.39E+01,2.03E+00,9.52E+00,1.11E+00,3.56E+00
292,1.24,1.619,1.54E+02,6.00E+00,9.70E-01,4.00E+00,4.29E+01,9.85E+00,1.31E+02,1.10E+01,1.00E+01,2.30E+01,7.00E+00,2.00E+01,3.75E+01,2.25E+00,1.05E+01,1.03E+00,3.59E+00
294,1.98,1.515,1.47E+02,6.00E+00,9.40E-01,4.00E+00,2.85E+01,1.17E+01,1.31E+02,1.10E+01,1.10E+01,2.50E+01,7.00E+00,1.90E+01,5.72E+01,3.43E+00,1.11E+01,1.30E+00,5.16E+00
296,1.452,1.09,1.86E+02,6.00E+00,9.00E-01,4.00E+00,6.08E+01,8.94E+00,2.90E+02,1.00E+01,2.00E+01,2.00E+01,1.60E+01,1.40E+01,5.31E+01,3.19E+00,1.73E+01,1.55E+00,3.06E+00
311,1.462,1.24,1.90E+02,7.00E+00,8.60E-01,4.00E+00,1.10E+02,4.09E+00,2.30E+02,1.10E+01,1.40E+01,2.50E+01,1.50E+01,1.50E+01,5.46E+01,3.82E+00,3.17E+01,1.30E+00,1.72E+00
314,1.448,1.159,1.92E+02,6.00E+00,9.70E-01,4.00E+00,8.57E+01,8.94E+00,2.90E+02,1.10E+01,2.40E+01,2.00E+01,2.10E+01,1.40E+01,5.47E+01,3.28E+00,2.44E+01,2.18E+00,2.24E+00
316,1.746,1.3,1.44E+02,7.00E+00,8.80E-01,4.00E+00,4.17E+01,9.85E+00,2.20E+02,1.10E+01,1.60E+01,2.40E+01,1.10E+01,1.60E+01,4.94E+01,3.46E+00,1.43E+01,1.41E+00,3.45E+00
340,1.502,1.224,9.40E+01,7.00E+00,8.00E-01,4.00E+00,3.45E+01,1.08E+01,1.33E+02,1.30E+01,1.20E+01,2.10E+01,8.00E+00,2.20E+01,2.78E+01,1.94E+00,1.02E+01,1.10E+00,2.72E+00
362,1.612,1.22,1.66E+02,6.00E+00,9.40E-01,4.00E+00,4.97E+01,1.08E+01,1.30E+02,1.50E+01,1.80E+01,1.90E+01,7.00E+00,2.70E+01,5.26E+01,3.16E+00,1.58E+01,1.70E+00,3.34E+00
379,1.667,1.203,2.20E+02,7.00E+00,7.90E-01,4.00E+00,8.10E+01,9.85E+00,3.60E+02,9.00E+00,2.30E+01,1.90E+01,2.20E+01,1.30E+01,7.21E+01,5.05E+00,2.65E+01,2.61E+00,2.72E+00
380,1.671,1.083,1.56E+02,6.00E+00,9.30E-01,4.00E+00,5.94E+01,9.85E+00,3.60E+02,5.00E+00,2.10E+01,7.00E+00,2.20E+01,6.00E+00,5.12E+01,3.07E+00,1.95E+01,1.92E+00,2.63E+00
382,1.327,0.969,2.30E+02,6.00E+00,8.90E-01,4.00E+00,9.44E+01,8.94E+00,3.40E+02,1.00E+01,2.40E+01,1.70E+01,2.20E+01,1.30E+01,6.00E+01,3.60E+00,2.46E+01,2.20E+00,2.44E+00
383,1.465,1.122,1.50E+02,6.00E+00,9.70E-01,4.00E+00,4.58E+01,1.08E+01,2.45E+02,1.20E+01,1.70E+01,2.50E+01,1.80E+01,1.50E+01,4.32E+01,2.59E+00,1.32E+01,1.42E+00,3.28E+00
384,1.988,1.438,1.02E+02,7.00E+00,9.20E-01,4.00E+00,1.23E+01,1.26E+01,9.00E+01,1.10E+01,7.00E+00,2.60E+01,5.00E+00,1.90E+01,3.99E+01,2.79E+00,4.80E+00,6.07E-01,8.30E+00
386,1.442,1.264,1.62E+02,6.00E+00,9.90E-01,4.00E+00,5.21E+01,9.85E+00,1.10E+02,1.50E+01,1.00E+01,3.00E+01,6.00E+00,2.70E+01,4.59E+01,2.76E+00,1.48E+01,1.46E+00,3.11E+00
389,1.196,1.033,5.30E+01,8.00E+00,9.70E-01,4.00E+00,1.81E+01,1.08E+01,1.50E+02,1.30E+01,1.40E+01,2.00E+01,2.00E+01,1.70E+01,1.25E+01,9.97E-01,4.27E+00,4.59E-01,2.92E+00
392,1.859,1.499,1.45E+02,6.00E+00,8.40E-01,4.00E+00,6.36E+01,9.85E+00,1.82E+02,1.10E+01,1.20E+01,2.10E+01,1.00E+01,1.80E+01,5.30E+01,3.18E+00,2.32E+01,2.29E+00,2.28E+00
394,1.536,1.164,1.72E+02,7.00E+00,8.20E-01,4.00E+00,7.18E+01,9.85E+00,1.95E+02,1.30E+01,1.70E+01,2.30E+01,1.20E+01,2.00E+01,5.19E+01,3.64E+00,2.17E+01,2.14E+00,2.39E+00
406,1.838,1.364,2.30E+02,5.00E+00,7.60E-01,4.00E+00,1.20E+02,8.94E+00,1.50E+02,1.10E+01,1.10E+01,2.90E+01,9.00E+00,2.00E+01,8.31E+01,4.16E+00,4.33E+01,3.87E+00,1.92E+00
413,1.82,1.424,1.18E+02,6.00E+00,9.80E-01,4.00E+00,4.94E+01,8.06E+00,7.80E+01,1.20E+01,6.00E+00,2.50E+01,6.00E+00,1.80E+01,4.22E+01,2.53E+00,1.77E+01,1.42E+00,2.39E+00
418,1.852,1.335,7.50E+01,7.00E+00,9.10E-01,4.00E+00,2.57E+01,9.85E+00,1.19E+02,1.40E+01,1.10E+01,2.30E+01,7.00E+00,2.20E+01,2.73E+01,1.91E+00,9.36E+00,9.22E-01,2.92E+00
419,1.469,1.019,1.38E+02,7.00E+00,6.80E-01,4.00E+00,5.63E+01,1.08E+01,2.70E+02,1.10E+01,1.90E+01,2.10E+01,2.00E+01,1.30E+01,3.99E+01,2.79E+00,1.63E+01,1.75E+00,2.45E+00
422,1.623,1.288,1.30E+02,7.00E+00,5.20E-01,4.00E+00,4.71E+01,1.08E+01,1.90E+02,1.10E+01,1.30E+01,2.10E+01,1.30E+01,1.40E+01,4.15E+01,2.90E+00,1.50E+01,1.62E+00,2.76E+00
438,1.632,1.5,9.00E+01,7.00E+00,9.20E-01,4.00E+00,3.65E+01,1.17E+01,1.70E+02,9.00E+00,1.30E+01,1.50E+01,1.10E+01,1.10E+01,2.89E+01,2.02E+00,1.17E+01,1.37E+00,2.46E+00
440,1.508,1.145,1.72E+02,6.00E+00,9.10E-01,4.00E+00,6.27E+01,8.94E+00,1.40E+02,6.00E+00,9.00E+00,9.00E+00,8.30E+01,7.00E+00,5.10E+01,3.06E+00,1.86E+01,1.66E+00,2.74E+00
444,1.163,0.999,3.20E+02,6.00E+00,6.30E-01,4.00E+00,1.95E+02,8.94E+00,1.00E+02,1.80E+01,2.00E+01,2.20E+01,7.00E+00,3.00E+01,7.32E+01,4.39E+00,4.45E+01,3.98E+00,1.64E+00
445,1.263,1.021,3.20E+02,6.00E+00,9.50E-01,4.00E+00,1.22E+02,8.94E+00,3.10E+02,1.10E+01,2.50E+01,2.50E+01,1.90E+01,1.90E+01,7.95E+01,4.77E+00,3.03E+01,2.71E+00,2.62E+00
448,1.727,1.042,1.80E+02,7.00E+00,4.90E-01,4.00E+00,7.09E+01,9.85E+00,4.00E+02,1.00E+01,2.60E+01,1.90E+01,2.50E+01,1.30E+01,6.11E+01,4.28E+00,2.41E+01,2.37E+00,2.54E+00
451,1.542,1.043,2.30E+02,6.00E+00,9.20E-01,4.00E+00,8.00E+01,7.21E+00,3.90E+02,1.00E+01,2.50E+01,2.10E+01,2.30E+01,1.40E+01,6.97E+01,4.18E+00,2.43E+01,1.75E+00,2.88E+00
452,1.746,1.055,1.80E+02,6.00E+00,9.70E-01,4.00E+00,5.74E+01,8.06E+00,3.65E+02,1.10E+01,2.50E+01,1.80E+01,2.00E+01,1.60E+01,6.18E+01,3.71E+00,1.97E+01,1.59E+00,3.13E+00
454,1.695,1.44,1.03E+02,7.00E+00,9.60E-01,4.00E+00,3.58E+01,8.94E+00,8.00E+01,1.80E+01,8.00E+00,3.30E+01,6.00E+00,2.50E+01,3.43E+01,2.40E+00,1.19E+01,1.07E+00,2.87E+00
455,1.697,1.321,2.00E+02,6.00E+00,9.20E-01,4.00E+00,8.62E+00,1.55E+01,1.20E+02,1.30E+01,9.00E+00,3.00E+01,7.00E+00,2.10E+01,6.67E+01,4.00E+00,2.88E+00,4.47E-01,2.32E+01
457,1.675,1.259,2.80E+02,6.00E+00,9.00E-01,4.00E+00,7.14E+01,7.21E+00,9.00E+01,8.00E+00,7.00E+00,2.10E+01,7.00E+00,1.30E+01,9.22E+01,5.53E+00,2.35E+01,1.70E+00,3.92E+00
460,1.924,1.461,2.24E+02,6.00E+00,9.30E-01,4.00E+00,2.70E+01,1.17E+01,8.30E+01,1.70E+01,9.00E+00,3.40E+01,4.50E+00,3.60E+01,8.47E+01,5.08E+00,1.02E+01,1.19E+00,8.30E+00
463,1.683,1.387,1.58E+02,6.00E+00,8.60E-01,4.00E+00,1.92E+01,1.26E+01,7.70E+01,1.20E+01,6.00E+00,2.60E+01,4.00E+00,2.40E+01,5.23E+01,3.14E+00,6.35E+00,8.03E-01,8.24E+00
466,1.603,1.464,1.63E+02,9.00E+00,8.90E-01,4.00E+00,7.30E+00,2.24E+01,8.00E+01,1.30E+01,7.00E+00,3.00E+01,5.00E+00,2.00E+01,5.14E+01,4.62E+00,2.30E+00,5.15E-01,2.23E+01
469,1.45,1.158,2.20E+02,7.00E+00,8.20E-01,4.00E+00,4.57E+01,1.08E+01,1.40E+02,1.00E+01,1.00E+01,1.00E+01,1.00E+01,7.00E+00,6.27E+01,4.39E+00,1.30E+01,1.40E+00,4.81E+00
472,2.192,1.257,1.10E+02,1.00E+01,9.90E-01,4.00E+00,3.23E+01,9.85E+00,2.20E+02,1.10E+01,1.20E+01,2.10E+01,9.00E+00,1.90E+01,4.74E+01,4.74E+00,1.39E+01,1.37E+00,3.40E+00
475,1.808,1.53,7.60E+01,6.00E+00,9.60E-01,4.00E+00,1.74E+01,1.26E+01,1.18E+02,1.20E+01,1.20E+01,1.90E+01,6.00E+00,2.20E+01,2.70E+01,1.62E+00,6.18E+00,7.82E-01,4.37E+00
479,1.775,1.46,9.80E+01,9.00E+00,9.60E-01,4.00E+00,1.07E+01,1.26E+01,3.50E+01,2.40E+01,1.30E+01,1.60E+01,1.20E+01,1.70E+01,3.42E+01,3.08E+00,3.74E+00,4.74E-01,9.13E+00
482,2.047,1.497,4.40E+01,6.00E+00,8.90E-01,4.00E+00,1.28E+01,1.08E+01,1.42E+02,8.00E+00,8.00E+00,1.60E+01,9.00E+00,9.00E+00,1.77E+01,1.06E+00,5.15E+00,5.55E-01,3.44E+00
487,1.939,1.462,4.50E+01,6.00E+00,9.30E-01,4.00E+00,4.63E+00,3.03E+01,6.50E+01,7.00E+00,4.00E+00,1.10E+01,4.00E+00,8.00E+00,1.72E+01,1.03E+00,1.77E+00,5.35E-01,9.71E+00
491,1.684,1.183,4.50E+01,8.00E+00,9.20E-01,4.00E+00,9.46E+00,1.26E+01,1.49E+02,1.40E+01,1.30E+01,2.20E+01,1.20E+01,1.60E+01,1.49E+01,1.19E+00,3.13E+00,3.96E-01,4.76E+00
494,1.926,1.456,4.60E+01,8.00E+00,6.30E-01,4.00E+00,1.52E+01,1.46E+01,1.21E+02,1.40E+01,9.00E+00,2.30E+01,7.00E+00,1.90E+01,1.74E+01,1.39E+00,5.77E+00,8.40E-01,3.02E+00
512,1.212,0.967,2.10E+02,6.00E+00,7.40E-01,4.00E+00,1.01E+02,8.94E+00,3.00E+02,1.10E+01,2.40E+01,2.40E+01,1.90E+01,1.70E+01,5.00E+01,3.00E+00,2.41E+01,2.15E+00,2.08E+00
515,1.399,1.216,1.70E+02,6.00E+00,9.30E-01,4.00E+00,5.00E+01,8.94E+00,2.15E+02,1.20E+01,2.00E+01,2.20E+01,1.50E+01,1.80E+01,4.68E+01,2.81E+00,1.38E+01,1.23E+00,3.40E+00
521,1.787,1.351,1.56E+02,7.00E+00,9.40E-01,4.00E+00,3.50E+01,8.94E+00,7.60E+01,1.50E+01,9.00E+00,1.00E+01,5.00E+00,2.30E+01,5.48E+01,3.84E+00,1.23E+01,1.10E+00,4.46E+00
558,1.893,1.433,3.63E+02,5.50E+00,8.30E-01,4.00E+00,7.11E+01,8.94E+00,1.23E+02,1.40E+01,1.10E+01,4.00E+01,7.00E+00,3.10E+01,1.35E+02,7.43E+00,2.65E+01,2.37E+00,5.11E+00
563,1.401,0.993,2.10E+02,6.00E+00,8.70E-01,4.00E+00,8.89E+01,8.06E+00,3.70E+02,1.10E+01,2.50E+01,1.90E+01,2.20E+01,1.50E+01,5.78E+01,3.47E+00,2.45E+01,1.97E+00,2.36E+00
564,1.471,1.001,1.80E+02,9.00E+00,8.10E-01,4.00E+00,7.69E+01,8.06E+00,4.00E+02,9.00E+00,2.60E+01,1.80E+01,2.50E+01,1.10E+01,5.21E+01,4.68E+00,2.22E+01,1.79E+00,2.34E+00
580,1.953,1.508,2.80E+01,9.00E+00,9.30E-01,4.00E+00,2.47E+00,5.02E+01,1.06E+02,1.40E+01,9.00E+00,2.20E+01,6.00E+00,1.80E+01,1.08E+01,9.68E-01,9.50E-01,4.76E-01,1.13E+01
595,1.769,1.339,1.30E+02,6.00E+00,9.30E-01,4.00E+00,1.35E+01,1.26E+01,6.00E+01,1.70E+01,7.00E+00,3.60E+01,4.00E+00,3.20E+01,4.52E+01,2.71E+00,4.68E+00,5.92E-01,9.66E+00
600,1.61,0.941,1.50E+02,6.00E+00,9.80E-01,4.00E+00,5.37E+01,8.06E+00,2.80E+02,1.20E+01,1.70E+01,2.40E+01,1.40E+01,2.00E+01,4.75E+01,2.85E+00,1.70E+01,1.37E+00,2.79E+00
605,1.848,1.34,3.90E+02,6.00E+00,8.90E-01,4.00E+00,7.66E+01,8.94E+00,7.50E+01,1.90E+01,6.00E+00,6.00E+01,6.00E+00,4.20E+01,1.42E+02,8.50E+00,2.78E+01,2.49E+00,5.09E+00
608,1.397,1.228,1.90E+02,6.00E+00,8.90E-01,4.00E+00,4.51E+01,7.21E+00,1.10E+02,1.30E+01,1.10E+01,2.90E+01,1.10E+01,1.70E+01,5.22E+01,3.13E+00,1.24E+01,8.92E-01,4.22E+00
633,1.913,1.382,4.60E+01,7.50E+00,9.20E-01,4.00E+00,8.04E+00,2.04E+01,1.64E+02,1.20E+01,1.30E+01,2.20E+01,1.10E+01,1.50E+01,1.73E+01,1.30E+00,3.02E+00,6.17E-01,5.72E+00
636,1.809,1.282,4.10E+01,9.00E+00,9.90E-01,4.00E+00,6.67E+00,1.84E+01,3.40E+02,1.00E+01,2.20E+01,1.80E+01,2.30E+01,1.20E+01,1.46E+01,1.31E+00,2.37E+00,4.37E-01,6.15E+00
639,1.765,1.294,4.00E+01,9.00E+00,8.80E-01,4.00E+00,1.23E+01,1.26E+01,2.44E+02,1.10E+01,1.90E+01,1.70E+01,1.70E+01,1.30E+01,1.39E+01,1.25E+00,4.27E+00,5.40E-01,3.25E+00
642,1.532,1.192,5.60E+01,7.00E+00,9.40E-01,4.00E+00,6.91E+00,2.43E+01,1.76E+02,1.20E+01,1.40E+01,1.90E+01,1.10E+01,1.50E+01,1.69E+01,1.18E+00,2.08E+00,5.07E-01,8.10E+00
651,1.775,1.199,6.20E+01,7.00E+00,8.40E-01,4.00E+00,4.67E+00,2.24E+01,2.84E+02,1.00E+01,2.00E+01,1.40E+01,2.00E+01,1.10E+01,2.16E+01,1.51E+00,1.63E+00,3.64E-01,1.33E+01
661,1.419,1.233,1.90E+02,6.00E+00,5.70E-01,4.00E+00,1.15E+02,8.06E+00,2.15E+02,7.00E+00,1.40E+01,7.00E+00,1.30E+01,6.00E+00,5.30E+01,3.18E+00,3.21E+01,2.59E+00,1.65E+00
664,1.794,1.404,2.20E+02,6.00E+00,5.30E-01,4.00E+00,9.56E+01,8.94E+00,8.00E+01,1.50E+01,8.00E+00,3.00E+01,5.00E+00,2.70E+01,7.76E+01,4.66E+00,3.37E+01,3.02E+00,2.30E+00
667,1.766,1.267,3.00E+02,7.00E+00,7.90E-01,4.00E+00,8.05E+01,8.94E+00,1.80E+02,1.30E+01,1.60E+01,2.90E+01,1.20E+01,2.20E+01,1.04E+02,7.29E+00,2.79E+01,2.50E+00,3.73E+00
671,1.717,1.338,8.40E+01,7.00E+00,8.80E-01,4.00E+00,6.80E+00,2.04E+01,9.00E+01,1.50E+01,8.00E+00,3.00E+01,6.00E+00,2.50E+01,2.84E+01,1.98E+00,2.29E+00,4.68E-01,1.24E+01
676,1.782,1.33,4.40E+01,5.00E+00,2.70E-01,4.00E+00,8.52E+00,2.53E+01,2.34E+02,5.00E+00,1.30E+01,6.00E+00,1.50E+01,6.00E+00,1.54E+01,7.71E-01,2.98E+00,7.56E-01,5.17E+00
679,2.037,1.246,4.40E+01,1.10E+01,9.20E-01,4.00E+00,5.54E+00,1.75E+01,2.40E+02,1.20E+01,1.00E+01,2.10E+01,8.00E+00,1.60E+01,1.76E+01,1.94E+00,2.22E+00,3.88E-01,7.94E+00
682,1.758,1.421,3.40E+01,8.00E+00,8.30E-01,4.00E+00,3.98E+00,1.84E+01,1.65E+02,1.10E+01,1.30E+01,1.50E+01,1.20E+01,1.30E+01,1.18E+01,9.40E-01,1.37E+00,2.53E-01,8.55E+00
685,1.843,1.525,4.40E+01,5.00E+00,9.00E-01,4.00E+00,7.00E+00,2.43E+01,1.39E+02,6.00E+00,8.00E+00,8.00E+00,7.00E+00,6.00E+00,1.59E+01,7.97E-01,2.54E+00,6.17E-01,6.29E+00
688,1.532,1.142,8.10E+01,5.00E+00,9.80E-01,4.00E+00,1.86E+01,1.08E+01,1.64E+02,6.00E+00,9.00E+00,8.00E+00,1.20E+01,6.00E+00,2.44E+01,1.22E+00,5.60E+00,6.03E-01,4.36E+00
691,1.806,1.425,9.70E+01,6.00E+00,7.50E-01,4.00E+00,1.77E+01,1.08E+01,6.80E+01,1.80E+01,5.00E+00,4.30E+01,5.00E+00,3.00E+01,3.44E+01,2.07E+00,6.30E+00,6.78E-01,5.47E+00
694,1.665,1.21,6.80E+01,8.00E+00,9.60E-01,4.00E+00,1.74E+01,1.08E+01,3.02E+02,1.00E+01,1.70E+01,1.80E+01,2.10E+01,1.20E+01,2.23E+01,1.78E+00,5.69E+00,6.13E-01,3.91E+00
697,1.635,1.223,9.70E+01,9.00E+00,9.80E-01,4.00E+00,2.52E+01,8.94E+00,1.40E+02,1.50E+01,1.30E+01,2.00E+01,1.40E+01,1.50E+01,3.12E+01,2.81E+00,8.10E+00,7.25E-01,3.85E+00
703,1.821,1.458,1.90E+02,6.00E+00,9.00E-01,4.00E+00,5.32E+01,9.85E+00,9.80E+01,1.40E+01,1.10E+01,2.40E+01,6.00E+00,2.60E+01,6.80E+01,4.08E+00,1.91E+01,1.88E+00,3.57E+00
706,2.024,1.604,1.80E+02,6.00E+00,9.60E-01,4.00E+00,4.45E+01,8.94E+00,9.50E+01,1.30E+01,9.00E+00,2.90E+01,6.00E+00,2.10E+01,7.16E+01,4.30E+00,1.77E+01,1.58E+00,4.05E+00
712,1.561,1.167,3.80E+02,6.00E+00,9.50E-01,4.00E+00,1.14E+02,8.94E+00,1.90E+02,1.30E+01,1.60E+01,2.80E+01,1.20E+01,2.10E+01,1.17E+02,7.00E+00,3.51E+01,3.14E+00,3.33E+00
716,1.519,1.167,2.20E+02,6.00E+00,7.10E-01,4.00E+00,7.41E+01,8.06E+00,1.70E+02,7.00E+00,1.10E+01,1.40E+01,1.20E+01,3.70E+01,6.57E+01,3.94E+00,2.21E+01,1.78E+00,2.97E+00
717,1.735,1.12,1.00E+02,7.00E+00,9.60E-01,4.00E+00,5.29E+01,8.06E+00,3.00E+02,1.00E+01,2.20E+01,1.90E+01,1.70E+01,1.50E+01,3.41E+01,2.39E+00,1.80E+01,1.45E+00,1.89E+00
723,1.023,0.902,3.10E+02,6.00E+00,6.40E-01,4.00E+00,1.30E+02,8.06E+00,2.25E+02,1.40E+01,3.30E+01,2.00E+01,2.60E+01,1.60E+01,6.23E+01,3.74E+00,2.62E+01,2.11E+00,2.38E+00
729,1.963,1.349,1.00E+02,6.00E+00,5.80E-01,4.00E+00,2.69E+01,1.17E+01,3.51E+02,9.00E+00,2.10E+01,1.70E+01,2.10E+01,1.10E+01,3.86E+01,2.32E+00,1.04E+01,1.21E+00,3.72E+00
732,1.879,1.395,1.85E+02,6.00E+00,9.10E-01,4.00E+00,5.65E+01,8.06E+00,8.20E+01,1.40E+01,8.00E+00,3.20E+01,7.00E+00,2.20E+01,6.83E+01,4.10E+00,2.09E+01,1.68E+00,3.28E+00
740,1.842,1.207,3.10E+02,6.00E+00,9.40E-01,4.00E+00,1.00E+02,7.21E+00,9.00E+01,1.10E+01,7.00E+00,3.50E+01,6.00E+00,2.20E+01,1.12E+02,6.74E+00,3.62E+01,2.61E+00,3.10E+00
785,1.774,1.381,9.30E+01,7.00E+00,7.20E-01,4.00E+00,2.15E+01,1.08E+01,2.66E+02,1.00E+01,1.95E+01,1.90E+01,1.40E+01,1.40E+01,3.24E+01,2.27E+00,7.51E+00,8.09E-01,4.32E+00
787,1.659,1.283,7.20E+01,7.00E+00,8.90E-01,4.00E+00,2.03E+01,1.08E+01,7.70E+01,1.70E+01,8.00E+00,2.80E+01,4.50E+00,2.80E+01,2.35E+01,1.64E+00,6.63E+00,7.14E-01,3.54E+00
792,2.002,1.48,4.60E+01,8.00E+00,8.80E-01,4.00E+00,1.70E+00,4.02E+01,1.50E+02,1.20E+01,1.50E+01,1.90E+01,9.00E+00,1.70E+01,1.81E+01,1.45E+00,6.71E-01,2.70E-01,2.70E+01
804,1.912,1.51,3.50E+01,9.00E+00,8.70E-01,4.00E+00,3.45E+00,4.02E+01,1.48E+02,1.30E+01,1.10E+01,2.40E+01,1.10E+01,1.60E+01,1.32E+01,1.18E+00,1.30E+00,5.21E-01,1.02E+01
831,1.406,1.066,1.10E+02,6.00E+00,8.00E-01,4.00E+00,2.88E+01,9.85E+00,2.00E+01,1.00E+01,1.40E+01,2.00E+01,1.00E+01,6.00E+00,3.04E+01,1.82E+00,7.95E+00,7.83E-01,3.82E+00
844,1.424,1.294,1.30E+02,7.00E+00,8.50E-01,4.00E+00,3.47E+01,8.94E+00,1.80E+02,1.40E+01,1.10E+01,2.70E+01,8.00E+00,2.60E+01,3.64E+01,2.55E+00,9.72E+00,8.69E-01,3.75E+00
851,1.676,1.245,4.50E+01,8.00E+00,9.40E-01,4.00E+00,5.32E+00,1.84E+01,2.60E+02,1.00E+01,2.20E+01,2.10E+01,1.30E+01,1.50E+01,1.48E+01,1.19E+00,1.75E+00,3.23E-01,8.46E+00
864,2.083,1.458,6.05E+01,7.00E+00,9.80E-01,4.00E+00,1.52E+01,1.17E+01,1.95E+02,1.15E+01,1.50E+01,1.70E+01,1.20E+01,1.50E+01,2.48E+01,1.73E+00,6.23E+00,7.29E-01,3.98E+00
877,1.91,1.206,1.45E+02,6.00E+00,9.84E-01,4.00E+00,4.26E+01,9.85E+00,6.40E+01,1.90E+01,1.10E+01,3.00E+01,4.00E+00,3.70E+01,5.44E+01,3.27E+00,1.60E+01,1.57E+00,3.41E+00
879,1.852,1.279,1.33E+02,6.00E+00,7.70E-01,4.00E+00,4.22E+01,9.85E+00,1.23E+02,1.40E+01,1.20E+01,2.60E+01,1.10E+01,1.60E+01,4.84E+01,2.91E+00,1.54E+01,1.51E+00,3.15E+00
881,1.442,1.125,1.55E+02,6.00E+00,9.10E-01,4.00E+00,7.69E+01,8.94E+00,2.40E+02,8.00E+00,1.40E+01,8.00E+00,1.40E+01,6.00E+00,4.39E+01,2.64E+00,2.18E+01,1.95E+00,2.02E+00
884,1.408,1.206,1.70E+02,6.00E+00,9.80E-01,4.00E+00,5.65E+01,7.21E+00,1.00E+02,1.60E+01,1.00E+01,3.10E+01,5.00E+00,3.80E+01,4.71E+01,2.82E+00,1.56E+01,1.13E+00,3.01E+00
887,1.671,1.579,1.12E+02,7.00E+00,7.00E-01,4.00E+00,2.69E+01,1.08E+01,1.00E+02,1.40E+01,8.00E+00,3.50E+01,5.00E+00,3.30E+01,3.68E+01,2.58E+00,8.82E+00,9.50E-01,4.17E+00
888,2.29,1.511,1.20E+02,8.00E+00,9.90E-01,4.00E+00,8.79E+00,1.26E+01,1.20E+02,1.20E+01,8.00E+00,2.90E+01,5.00E+00,2.20E+01,5.40E+01,4.32E+00,3.96E+00,5.00E-01,1.37E+01
890,1.631,1.156,1.70E+02,6.00E+00,8.90E-01,4.00E+00,6.03E+01,8.94E+00,1.80E+02,6.00E+00,1.20E+01,9.00E+00,1.10E+01,7.00E+00,5.45E+01,3.27E+00,1.93E+01,1.73E+00,2.82E+00
893,1.422,1.344,1.37E+02,6.00E+00,7.20E-01,4.00E+00,8.25E+01,9.85E+00,1.48E+02,1.40E+01,1.10E+01,3.10E+01,9.00E+00,2.20E+01,3.83E+01,2.30E+00,2.31E+01,2.27E+00,1.66E+00
896,1.55,1.211,1.10E+02,7.00E+00,9.00E-01,4.00E+00,2.12E+01,1.26E+01,2.00E+02,1.30E+01,1.30E+01,2.40E+01,1.00E+01,2.00E+01,3.35E+01,2.35E+00,6.47E+00,8.18E-01,5.18E+00
898,1.863,1.47,8.70E+01,6.50E+00,8.30E-01,4.00E+00,2.09E+01,1.17E+01,1.13E+02,1.30E+01,1.10E+01,2.20E+01,8.00E+00,1.70E+01,3.19E+01,2.07E+00,7.67E+00,8.98E-01,4.15E+00
901,1.91,1.323,7.30E+01,7.00E+00,9.90E-01,4.00E+00,1.49E+01,1.17E+01,1.45E+02,1.30E+01,1.00E+01,2.60E+01,1.20E+01,5.00E+01,2.74E+01,1.92E+00,5.61E+00,6.57E-01,4.88E+00
904,1.907,1.322,1.01E+02,6.50E+00,9.80E-01,4.00E+00,2.42E+01,9.85E+00,1.19E+02,1.40E+01,1.00E+01,2.80E+01,8.00E+00,1.90E+01,3.79E+01,2.46E+00,9.07E+00,8.93E-01,4.18E+00
906,1.556,1.285,5.30E+01,1.00E+01,9.30E-01,4.00E+00,3.23E+00,3.03E+01,4.00E+01,2.20E+01,1.10E+01,1.50E+01,8.00E+00,1.70E+01,1.62E+01,1.62E+00,9.87E-01,2.99E-01,1.64E+01
909,0.793,0.514,9.40E+01,7.00E+00,6.35E-01,4.00E+00,2.47E+01,1.17E+01,8.10E+01,2.00E+01,1.20E+01,2.10E+01,1.00E+01,1.90E+01,1.47E+01,1.03E+00,3.85E+00,4.51E-01,3.80E+00
912,2.176,1.498,4.90E+01,7.00E+00,9.20E-01,4.00E+00,5.22E+00,3.03E+01,1.67E+02,1.10E+01,1.10E+01,2.20E+01,9.50E+00,1.60E+01,2.10E+01,1.47E+00,2.23E+00,6.75E-01,9.39E+00
916,1.89,1.234,2.90E+01,1.00E+01,9.00E-01,4.00E+00,4.56E+00,1.65E+01,2.77E+02,1.00E+01,2.30E+01,2.00E+01,1.50E+01,1.40E+01,1.08E+01,1.08E+00,1.69E+00,2.79E-01,6.37E+00
921,2.048,1.262,4.50E+01,1.20E+01,9.30E-01,4.00E+00,5.81E+00,2.33E+01,2.60E+02,1.20E+01,1.50E+01,2.10E+01,1.40E+01,1.70E+01,1.81E+01,2.17E+00,2.34E+00,5.46E-01,7.75E+00
924,1.813,1.215,3.90E+01,9.00E+00,9.90E-01,4.00E+00,6.77E+00,1.36E+01,2.73E+02,1.10E+01,1.40E+01,2.50E+01,1.60E+01,1.30E+01,1.39E+01,1.25E+00,2.41E+00,3.28E-01,5.76E+00
925,1.984,1.363,3.30E+01,1.00E+01,9.30E-01,4.00E+00,2.15E+00,2.73E+01,2.21E+02,1.30E+01,1.50E+01,2.30E+01,1.30E+01,1.80E+01,1.29E+01,1.29E+00,8.39E-01,2.29E-01,1.53E+01
928,1.636,1.187,7.00E+01,7.00E+00,9.40E-01,4.00E+00,4.57E+00,1.55E+01,1.54E+02,1.40E+01,1.30E+01,2.70E+01,1.10E+01,1.70E+01,2.25E+01,1.58E+00,1.47E+00,2.28E-01,1.53E+01
932,1.41,1.08,1.47E+02,6.00E+00,3.50E-01,4.00E+00,1.34E+01,1.65E+01,2.72E+02,1.00E+01,1.70E+01,2.00E+01,1.90E+01,1.20E+01,4.07E+01,2.44E+00,3.72E+00,6.14E-01,1.09E+01
935,1.826,1.143,9.20E+01,7.00E+00,7.60E-01,4.00E+00,6.05E+00,2.04E+01,2.89E+02,1.00E+01,2.50E+01,1.90E+01,1.70E+01,1.40E+01,3.30E+01,2.31E+00,2.17E+00,4.43E-01,1.52E+01
936,1.808,1.335,3.60E+01,7.00E+00,9.50E-01,4.00E+00,1.47E+00,4.02E+01,1.55E+02,1.10E+01,1.40E+01,8.00E+00,8.50E+00,1.50E+01,1.28E+01,8.96E-01,5.24E-01,2.11E-01,2.44E+01
938,2.254,1.619,3.40E+01,8.00E+00,7.10E-01,4.00E+00,5.49E+00,3.03E+01,1.29E+02,1.20E+01,1.70E+01,1.60E+01,9.00E+00,1.50E+01,1.51E+01,1.21E+00,2.43E+00,7.37E-01,6.19E+00
964,1.906,1.49,1.23E+02,6.00E+00,8.60E-01,4.00E+00,4.55E+01,1.08E+01,9.50E+01,1.60E+01,1.00E+01,3.00E+01,1.10E+01,4.40E+01,4.61E+01,2.77E+00,1.70E+01,1.84E+00,2.70E+00
969,1.466,1.165,1.22E+02,6.00E+00,6.30E-01,4.00E+00,3.32E+01,1.17E+01,2.05E+02,1.00E+01,1.40E+01,2.30E+01,1.30E+01,1.50E+01,3.52E+01,2.11E+00,9.56E+00,1.12E+00,3.68E+00
974,1.971,1.109,4.70E+01,1.10E+01,9.40E-01,4.00E+00,7.45E+00,1.84E+01,2.87E+02,1.40E+01,2.40E+01,2.60E+01,1.80E+01,1.80E+01,1.82E+01,2.00E+00,2.89E+00,5.32E-01,6.31E+00
977,1.67,1.261,2.80E+01,1.20E+01,9.50E-01,4.00E+00,2.95E+00,2.53E+01,2.46E+02,1.40E+01,1.80E+01,2.00E+01,1.40E+01,1.80E+01,9.19E+00,1.10E+00,9.68E-01,2.45E-01,9.50E+00
978,1.326,0.998,4.60E+01,1.00E+01,9.90E-01,4.00E+00,6.06E+00,1.65E+01,3.45E+02,1.20E+01,2.80E+01,1.80E+01,2.10E+01,1.10E+01,1.20E+01,1.20E+00,1.58E+00,2.61E-01,7.59E+00
985,1.686,1.262,4.30E+01,6.00E+00,6.90E-01,4.00E+00,4.64E+00,2.24E+01,2.47E+02,7.00E+00,1.40E+01,1.30E+01,1.50E+01,8.00E+00,1.43E+01,8.55E-01,1.54E+00,3.44E-01,9.27E+00
1005,1.673,1.334,4.50E+01,8.00E+00,8.90E-01,4.00E+00,8.54E+00,1.84E+01,1.27E+02,1.40E+01,1.50E+01,2.50E+01,8.00E+00,1.70E+01,1.48E+01,1.18E+00,2.81E+00,5.18E-01,5.27E+00
1015,1.992,1.51,6.50E+01,7.00E+00,9.70E-01,4.00E+00,1.80E+01,1.08E+01,1.61E+02,1.10E+01,2.10E+01,1.30E+01,9.00E+00,1.50E+01,2.55E+01,1.78E+00,7.06E+00,7.61E-01,3.60E+00
1022,1.525,1.457,1.32E+02,7.00E+00,8.60E-01,4.00E+00,1.99E+01,1.08E+01,2.70E+02,1.10E+01,1.50E+01,2.40E+01,1.60E+01,1.40E+01,3.96E+01,2.77E+00,5.97E+00,6.43E-01,6.63E+00
1028,1.823,1.346,1.44E+02,6.00E+00,9.10E-01,4.00E+00,7.35E+01,7.21E+00,2.07E+02,8.00E+00,1.20E+01,1.80E+01,1.20E+01,1.20E+01,5.16E+01,3.10E+00,2.63E+01,1.90E+00,1.96E+00
1034,1.973,1.507,1.69E+02,6.00E+00,9.20E-01,4.00E+00,5.05E+01,8.06E+00,2.37E+02,8.00E+00,1.60E+01,1.40E+01,1.40E+01,1.00E+01,6.55E+01,3.93E+00,1.96E+01,1.58E+00,3.34E+00
1038,1.877,1.413,5.30E+01,8.00E+00,9.40E-01,4.00E+00,9.68E+00,1.36E+01,1.35E+02,1.30E+01,1.10E+01,2.80E+01,1.10E+01,1.50E+01,1.96E+01,1.56E+00,3.57E+00,4.86E-01,5.47E+00
1049,1.677,1.131,6.40E+01,5.00E+00,9.60E-01,4.00E+00,5.94E+00,1.84E+01,2.59E+02,6.00E+00,1.50E+01,6.00E+00,1.50E+01,6.00E+00,2.11E+01,1.05E+00,1.96E+00,3.61E-01,1.08E+01
1075,1.636,1.281,6.20E+01,6.00E+00,8.40E-01,4.00E+00,9.25E+00,2.04E+01,2.89E+02,8.00E+00,2.10E+01,1.40E+01,2.00E+01,9.00E+00,1.99E+01,1.20E+00,2.98E+00,6.07E-01,6.70E+00
1093,1.474,1.198,5.00E+01,8.00E+00,9.50E-01,4.00E+00,5.05E+00,2.04E+01,1.25E+02,1.50E+01,1.50E+01,2.70E+01,8.00E+00,2.10E+01,1.45E+01,1.16E+00,1.46E+00,2.99E-01,9.90E+00
1106,1.81,1.289,2.80E+01,9.00E+00,7.00E-01,4.00E+00,1.13E+01,1.08E+01,1.95E+02,1.10E+01,1.30E+01,2.10E+01,1.20E+01,1.40E+01,9.96E+00,8.97E-01,4.02E+00,4.33E-01,2.48E+00
1120,1.933,1.365,5.00E+01,9.00E+00,9.70E-01,4.00E+00,2.27E+00,3.03E+01,2.28E+02,1.10E+01,1.80E+01,1.70E+01,1.50E+01,1.30E+01,1.90E+01,1.71E+00,8.62E-01,2.61E-01,2.20E+01
1123,2.121,1.588,2.70E+01,8.00E+00,8.10E-01,4.00E+00,3.70E+00,2.83E+01,9.50E+01,1.30E+01,9.00E+00,2.60E+01,6.50E+00,1.60E+01,1.13E+01,9.01E-01,1.54E+00,4.37E-01,7.29E+00
1125,1.769,1.218,4.00E+01,7.00E+00,7.80E-01,4.00E+00,5.13E+00,1.84E+01,1.40E+02,1.10E+01,1.40E+01,2.30E+01,7.00E+00,1.60E+01,1.39E+01,9.74E-01,1.78E+00,3.29E-01,7.80E+00
1128,1.885,1.242,4.20E+01,8.00E+00,4.00E-01,4.00E+00,4.25E+00,4.02E+01,2.18E+02,1.10E+01,1.60E+01,2.00E+01,1.80E+01,1.20E+01,1.56E+01,1.25E+00,1.57E+00,6.33E-01,9.88E+00
1131,1.671,1.204,4.40E+01,1.10E+01,9.10E-01,4.00E+00,3.30E+00,1.94E+01,2.65E+02,1.40E+01,1.60E+01,3.50E+01,1.60E+01,1.80E+01,1.45E+01,1.59E+00,1.08E+00,2.10E-01,1.33E+01
1134,2.046,1.38,5.30E+01,1.00E+01,9.00E-01,4.00E+00,3.11E+00,2.73E+01,9.00E+01,1.50E+01,7.00E+00,2.80E+01,6.00E+00,2.30E+01,2.13E+01,2.13E+00,1.25E+00,3.42E-01,1.70E+01
1137,1.709,1.288,8.10E+01,7.00E+00,9.60E-01,4.00E+00,1.13E+01,1.65E+01,2.72E+02,1.00E+01,1.80E+01,2.00E+01,1.70E+01,1.40E+01,2.72E+01,1.90E+00,3.78E+00,6.23E-01,7.20E+00
1138,1.781,1.359,5.50E+01,7.00E+00,8.90E-01,4.00E+00,2.17E+01,1.08E+01,1.84E+02,1.10E+01,2.10E+01,1.60E+01,1.40E+01,1.30E+01,1.93E+01,1.35E+00,7.59E+00,8.18E-01,2.54E+00
1141,1.32,1.088,2.30E+02,5.00E+00,9.70E-01,4.00E+00,3.81E+01,8.94E+00,2.06E+02,6.00E+00,1.30E+01,8.00E+00,1.60E+01,6.00E+00,5.97E+01,2.98E+00,9.90E+00,8.85E-01,6.03E+00
1144,1.77,1.336,6.60E+01,7.00E+00,7.40E-01,4.00E+00,8.38E+00,1.46E+01,2.15E+02,1.10E+01,1.50E+01,1.90E+01,1.30E+01,1.40E+01,2.30E+01,1.61E+00,2.92E+00,4.24E-01,7.88E+00
1147,2.019,1.589,4.20E+01,7.00E+00,9.80E-01,4.00E+00,3.56E+00,3.03E+01,8.00E+01,1.20E+01,5.00E+00,2.30E+01,5.00E+00,1.80E+01,1.67E+01,1.17E+00,1.41E+00,4.27E-01,1.18E+01
1150,2.086,1.658,9.40E+01,6.00E+00,9.50E-01,4.00E+00,5.58E+00,3.03E+01,6.90E+01,1.50E+01,7.00E+00,2.80E+01,4.00E+00,2.50E+01,3.85E+01,2.31E+00,2.29E+00,6.92E-01,1.68E+01
1153,2.344,1.4,7.70E+01,6.00E+00,9.50E-01,4.00E+00,1.79E+01,1.08E+01,2.12E+02,1.00E+01,1.50E+01,1.90E+01,1.40E+01,1.30E+01,3.55E+01,2.13E+00,8.24E+00,8.88E-01,4.31E+00
1157,1.939,1.472,1.37E+02,6.00E+00,9.40E-01,4.00E+00,2.42E+01,9.85E+00,2.64E+02,1.00E+01,1.80E+01,2.40E+01,1.80E+01,1.30E+01,5.22E+01,3.13E+00,9.21E+00,9.07E-01,5.67E+00
1162,1.4,1.003,1.40E+02,7.00E+00,9.30E-01,4.00E+00,6.51E+01,8.94E+00,1.10E+02,1.80E+01,1.50E+01,2.90E+01,8.00E+00,2.40E+01,3.85E+01,2.70E+00,1.79E+01,1.60E+00,2.15E+00
1168,1.441,1.195,1.80E+02,7.00E+00,7.40E-01,4.00E+00,9.05E+00,1.65E+01,2.11E+02,1.20E+01,2.00E+01,2.40E+01,1.40E+01,1.80E+01,5.10E+01,3.57E+00,2.56E+00,4.23E-01,1.99E+01
1171,1.414,1.195,2.53E+02,9.00E+00,8.20E-01,4.00E+00,7.06E+01,9.85E+00,2.60E+02,9.00E+00,1.80E+01,2.00E+01,1.70E+01,1.20E+01,7.03E+01,6.33E+00,1.96E+01,1.93E+00,3.58E+00
1172,2.107,1.27,9.10E+01,7.00E+00,9.90E-01,4.00E+00,1.67E+01,1.08E+01,2.73E+02,1.10E+01,1.70E+01,2.00E+01,2.10E+01,1.20E+01,3.77E+01,2.64E+00,6.90E+00,7.44E-01,5.46E+00
1189,1.643,1.296,7.70E+01,1.70E+01,9.00E-01,4.00E+00,6.44E+00,1.36E+01,1.86E+02,1.10E+01,1.40E+01,2.10E+01,1.30E+01,1.30E+01,2.49E+01,4.23E+00,2.08E+00,2.83E-01,1.19E+01
1198,2.045,1.591,1.60E+01,1.00E+01,9.70E-01,4.00E+00,6.29E+00,1.26E+01,5.10E+01,1.80E+01,7.00E+00,2.20E+01,4.00E+00,2.10E+01,6.43E+00,6.43E-01,2.53E+00,3.20E-01,2.54E+00
1203,1.531,1.319,1.80E+02,6.00E+00,8.80E-01,4.00E+00,2.09E+01,1.26E+01,8.00E+01,1.40E+01,8.00E+00,3.70E+01,5.00E+00,2.80E+01,5.42E+01,3.25E+00,6.30E+00,7.97E-01,8.60E+00
1205,1.6,1.224,1.00E+02,7.00E+00,2.60E-01,4.00E+00,6.50E+01,9.85E+00,2.90E+02,1.00E+01,1.90E+01,1.90E+01,1.90E+01,1.30E+01,3.15E+01,2.20E+00,2.04E+01,2.01E+00,1.54E+00
1218,1.79,1.38,6.80E+01,6.00E+00,9.00E-01,4.00E+00,9.22E+00,1.94E+01,2.00E+02,7.00E+00,1.30E+01,1.30E+01,1.30E+01,9.00E+00,2.39E+01,1.44E+00,3.25E+00,6.30E-01,7.37E+00
1221,1.904,1.384,6.50E+01,7.00E+00,9.50E-01,4.00E+00,1.31E+01,1.46E+01,1.58E+02,1.20E+01,1.30E+01,2.00E+01,1.10E+01,1.60E+01,2.43E+01,1.70E+00,4.89E+00,7.11E-01,4.98E+00
1223,1.63,1.232,1.20E+02,6.00E+00,6.90E-01,4.00E+00,1.81E+01,1.17E+01,2.63E+02,1.00E+01,1.60E+01,2.20E+01,1.40E+01,1.40E+01,3.85E+01,2.31E+00,5.79E+00,6.77E-01,6.64E+00
1236,1.828,1.372,5.30E+01,8.00E+00,9.40E-01,4.00E+00,4.47E+00,2.04E+01,1.15E+02,1.40E+01,1.50E+01,2.30E+01,7.00E+00,2.20E+01,1.90E+01,1.52E+00,1.61E+00,3.27E-01,1.19E+01
1239,1.713,1.297,3.20E+01,5.00E+00,9.30E-01,4.00E+00,5.16E+00,2.24E+01,1.65E+02,6.00E+00,1.00E+01,7.00E+00,1.10E+01,6.00E+00,1.08E+01,5.39E-01,1.74E+00,3.89E-01,6.20E+00
1242,1.558,1.194,7.20E+01,7.00E+00,9.80E-01,4.00E+00,6.84E+00,1.65E+01,1.77E+02,1.30E+01,2.70E+01,2.10E+01,1.20E+01,1.60E+01,2.21E+01,1.54E+00,2.09E+00,3.45E-01,1.05E+01
1252,1.9,1.433,7.00E+01,7.00E+00,9.30E-01,4.00E+00,1.83E+00,4.02E+01,1.18E+02,1.30E+01,1.05E+01,2.80E+01,7.00E+00,1.70E+01,2.61E+01,1.83E+00,6.83E-01,2.74E-01,3.83E+01
1261,1.823,1.43,7.10E+01,6.00E+00,6.10E-01,4.00E+00,6.56E+00,1.65E+01,1.70E+02,8.00E+00,8.00E+00,9.00E+00,9.00E+00,6.00E+00,2.54E+01,1.53E+00,2.35E+00,3.88E-01,1.08E+01
1271,2.171,1.692,1.44E+02,6.00E+00,8.70E-01,4.00E+00,2.19E+01,1.17E+01,4.50E+01,1.60E+01,6.00E+00,2.80E+01,4.00E+00,3.10E+01,6.15E+01,3.69E+00,9.33E+00,1.09E+00,6.59E+00
1276,2.247,1.566,3.30E+01,8.00E+00,9.70E-01,4.00E+00,1.55E+00,4.02E+01,1.71E+02,1.10E+01,1.40E+01,2.20E+01,9.00E+00,1.50E+01,1.46E+01,1.17E+00,6.83E-01,2.75E-01,2.13E+01
1278,1.899,1.236,2.40E+01,1.00E+01,9.30E-01,4.00E+00,2.69E+00,3.22E+01,1.63E+02,1.20E+01,1.20E+01,2.30E+01,1.00E+01,1.60E+01,8.96E+00,8.96E-01,1.00E+00,3.24E-01,8.93E+00
1281,1.915,1.42,6.30E+01,7.00E+00,8.10E-01,4.00E+00,4.20E+00,2.43E+01,7.40E+01,1.70E+01,1.10E+01,2.00E+01,5.00E+00,2.30E+01,2.37E+01,1.66E+00,1.58E+00,3.84E-01,1.50E+01
1311,1.537,1.104,9.60E+01,7.00E+00,9.80E-01,4.00E+00,1.53E+01,1.46E+01,3.80E+02,1.00E+01,2.50E+01,1.70E+01,2.60E+01,1.20E+01,2.90E+01,2.03E+00,4.63E+00,6.74E-01,6.27E+00
1321,1.466,1.094,9.50E+01,7.00E+00,7.40E-01,4.00E+00,1.76E+01,9.85E+00,2.40E+02,1.10E+01,1.40E+01,2.20E+01,1.60E+01,1.40E+01,2.74E+01,1.92E+00,5.06E+00,4.99E-01,5.41E+00
1326,1.92,1.425,1.94E+02,5.00E+00,9.00E-01,4.00E+00,7.81E+01,1.08E+01,5.30E+01,7.00E+00,6.00E+00,1.20E+01,5.00E+00,9.00E+00,7.32E+01,3.66E+00,2.95E+01,3.18E+00,2.48E+00
1331,1.708,1.294,9.30E+01,6.00E+00,3.00E-01,4.00E+00,2.33E+01,1.26E+01,1.45E+02,1.20E+01,1.00E+01,2.50E+01,1.40E+01,5.00E+01,3.12E+01,1.87E+00,7.83E+00,9.90E-01,3.99E+00
1336,1.58,1.173,2.90E+01,9.00E+00,9.20E-01,4.00E+00,8.03E+00,1.94E+01,1.27E+02,1.50E+01,1.10E+01,1.90E+01,7.00E+00,2.10E+01,9.01E+00,8.11E-01,2.50E+00,4.85E-01,3.61E+00
1354,1.593,1.326,1.73E+02,6.00E+00,8.10E-01,4.00E+00,<3.8,,5.70E+01,2.10E+01,8.00E+00,4.20E+01,4.00E+00,4.70E+01,5.42E+01,3.25E+00,<1.2,,
1357,2.041,1.478,1.45E+02,6.00E+00,8.60E-01,4.00E+00,1.87E+01,1.08E+01,5.60E+01,1.70E+01,8.00E+00,3.10E+01,5.00E+00,2.30E+01,5.82E+01,3.49E+00,7.51E+00,8.09E-01,7.75E+00
1360,1.721,1.357,1.70E+02,6.00E+00,8.80E-01,4.00E+00,3.36E+01,1.17E+01,1.80E+02,1.00E+01,1.20E+01,1.60E+01,1.50E+01,1.10E+01,5.75E+01,3.45E+00,1.14E+01,1.33E+00,5.05E+00
1363,1.697,1.298,8.00E+01,9.00E+00,7.60E-01,4.00E+00,1.08E+01,1.55E+01,8.00E+01,1.60E+01,6.00E+00,3.00E+01,5.00E+00,2.50E+01,2.67E+01,2.40E+00,3.60E+00,5.59E-01,7.41E+00
1364,1.511,1.307,2.60E+01,6.00E+00,8.70E-01,4.00E+00,6.54E+00,1.36E+01,8.00E+01,9.00E+00,6.00E+00,1.60E+01,6.00E+00,1.00E+01,7.72E+00,4.63E-01,1.94E+00,2.64E-01,3.98E+00
1366,2.197,1.604,1.18E+02,6.00E+00,9.30E-01,4.00E+00,1.50E+01,1.26E+01,8.80E+01,1.20E+01,8.00E+00,2.70E+01,7.00E+00,1.70E+01,5.10E+01,3.06E+00,6.49E+00,8.21E-01,7.86E+00
1368,1.192,1.067,1.40E+02,6.00E+00,9.30E-01,4.00E+00,2.14E+01,1.08E+01,1.35E+02,1.30E+01,1.50E+01,2.00E+01,1.50E+01,1.50E+01,3.28E+01,1.97E+00,5.00E+00,5.39E-01,6.56E+00
1371,1.942,1.605,7.80E+01,6.50E+00,9.10E-01,4.00E+00,3.41E+00,4.02E+01,7.50E+01,1.50E+01,6.60E+01,3.00E+01,4.90E+01,2.30E+01,2.98E+01,1.94E+00,1.30E+00,5.23E-01,2.29E+01
1374,1.602,1.192,9.50E+01,7.00E+00,9.40E-01,4.00E+00,2.22E+01,1.08E+01,3.72E+02,9.00E+00,2.40E+01,1.60E+01,2.50E+01,1.20E+01,2.99E+01,2.09E+00,7.00E+00,7.54E-01,4.27E+00
1378,1.776,1.404,5.60E+01,5.00E+00,9.90E-01,4.00E+00,7.37E+00,1.55E+01,2.14E+02,6.00E+00,1.30E+01,7.00E+00,1.50E+01,6.00E+00,1.96E+01,9.78E-01,2.57E+00,4.00E-01,7.59E+00
1379,2.134,1.325,6.00E+01,5.00E+00,7.50E-01,4.00E+00,6.13E+00,1.94E+01,1.80E+02,6.00E+00,9.50E+00,1.20E+01,1.00E+01,6.00E+00,2.52E+01,1.26E+00,2.57E+00,5.00E-01,9.78E+00
1382,1.295,1.001,1.00E+02,9.00E+00,9.50E-01,4.00E+00,3.79E+00,2.33E+01,8.00E+01,1.40E+01,9.00E+00,2.10E+01,5.00E+00,1.90E+01,2.55E+01,2.29E+00,9.65E-01,2.25E-01,2.64E+01
1385,1.364,0.995,9.30E+01,7.00E+00,9.33E-01,4.00E+00,9.11E+00,1.17E+01,9.80E+01,1.80E+01,1.60E+01,2.00E+01,1.10E+01,1.80E+01,2.49E+01,1.75E+00,2.44E+00,2.86E-01,1.02E+01
1388,1.833,1.446,6.10E+01,7.00E+00,9.23E-01,4.00E+00,1.95E+00,2.53E+01,1.12E+02,1.50E+01,1.10E+01,2.70E+01,9.00E+00,1.90E+01,2.20E+01,1.54E+00,7.03E-01,1.78E-01,3.13E+01
1391,1.899,1.438,3.00E+01,1.00E+01,8.80E-01,4.00E+00,3.18E+00,2.63E+01,6.40E+01,2.00E+01,7.00E+00,3.90E+01,4.00E+00,3.80E+01,1.12E+01,1.12E+00,1.19E+00,3.12E-01,9.43E+00
1394,1.828,1.38,5.50E+01,7.00E+00,9.50E-01,4.00E+00,1.58E+00,4.02E+01,1.12E+02,1.30E+01,1.20E+01,2.60E+01,7.00E+00,1.60E+01,1.98E+01,1.38E+00,5.67E-01,2.28E-01,3.48E+01
1396,2.32,1.634,3.50E+01,8.00E+00,8.30E-01,4.00E+00,2.29E+00,3.62E+01,7.70E+01,1.50E+01,1.00E+01,2.50E+01,5.00E+00,1.90E+01,1.60E+01,1.28E+00,1.04E+00,3.78E-01,1.53E+01
1399,1.937,1.476,8.60E+01,7.00E+00,9.30E-01,4.00E+00,1.18E+00,6.01E+01,1.62E+02,1.40E+01,1.50E+01,2.60E+01,1.00E+01,1.90E+01,3.27E+01,2.29E+00,4.50E-01,2.71E-01,7.27E+01
1417,1.955,1.417,8.20E+01,7.00E+00,9.40E-01,4.00E+00,1.15E+01,1.08E+01,1.93E+02,1.10E+01,2.50E+01,1.30E+01,1.00E+01,1.80E+01,3.15E+01,2.21E+00,4.42E+00,4.76E-01,7.14E+00
1427,1.152,1.378,5.80E+01,9.00E+00,9.70E-01,4.00E+00,3.20E+00,2.73E+01,4.50E+01,2.20E+01,9.00E+00,2.40E+01,7.00E+00,2.00E+01,1.31E+01,1.18E+00,7.24E-01,1.98E-01,1.81E+01
1433,1.668,1.317,5.90E+01,1.10E+01,9.80E-01,4.00E+00,3.16E+00,2.33E+01,1.80E+02,1.30E+01,9.00E+00,2.60E+01,8.00E+00,2.00E+01,1.93E+01,2.13E+00,1.04E+00,2.42E-01,1.87E+01
1436,1.876,1.32,5.20E+01,1.10E+01,9.90E-01,4.00E+00,1.00E+01,1.26E+01,1.70E+02,1.30E+01,1.10E+01,2.10E+01,1.00E+01,1.80E+01,1.92E+01,2.11E+00,3.69E+00,4.66E-01,5.20E+00
1443,1.934,1.48,5.40E+01,9.00E+00,8.60E-01,4.00E+00,4.07E+00,2.04E+01,1.39E+02,1.70E+01,1.30E+01,3.20E+01,9.00E+00,2.50E+01,2.05E+01,1.85E+00,1.55E+00,3.16E-01,1.33E+01
1444,1.895,1.404,4.70E+01,7.00E+00,9.40E-01,4.00E+00,4.26E+00,2.04E+01,1.15E+02,1.10E+01,7.00E+00,2.50E+01,8.00E+00,1.40E+01,1.75E+01,1.23E+00,1.59E+00,3.23E-01,1.10E+01
1460,1.722,1.187,1.21E+02,6.50E+00,8.80E-01,4.00E+00,1.26E+01,1.36E+01,2.86E+02,1.00E+01,2.10E+01,2.20E+01,1.60E+01,1.30E+01,4.10E+01,2.66E+00,4.27E+00,5.81E-01,9.59E+00
1463,1.881,1.225,1.07E+02,6.00E+00,8.60E-01,4.00E+00,1.20E+01,1.36E+01,2.22E+02,1.10E+01,1.35E+01,2.10E+01,1.50E+01,1.50E+01,3.96E+01,2.37E+00,4.43E+00,6.02E-01,8.93E+00
1475,1.975,1.338,1.90E+02,6.00E+00,9.20E-01,4.00E+00,1.41E+01,1.36E+01,6.00E+01,2.00E+01,5.00E+00,4.00E+01,1.20E+01,5.00E+01,7.38E+01,4.43E+00,5.46E+00,7.43E-01,1.35E+01
1490,1.702,1.33,8.30E+01,6.50E+00,9.50E-01,4.00E+00,7.58E+00,1.55E+01,1.06E+02,1.30E+01,1.10E+01,2.60E+01,7.00E+00,1.90E+01,2.78E+01,1.81E+00,2.54E+00,3.94E-01,1.10E+01
1491,2.05,1.325,4.30E+01,8.00E+00,9.30E-01,4.00E+00,4.52E+00,1.94E+01,7.10E+01,1.80E+01,8.00E+00,2.70E+01,5.00E+00,2.20E+01,1.73E+01,1.39E+00,1.82E+00,3.53E-01,9.52E+00
1499,2.012,1.302,5.90E+01,7.00E+00,4.80E-01,4.00E+00,5.63E+00,2.04E+01,2.78E+02,8.00E+00,1.80E+01,1.60E+01,1.50E+01,1.00E+01,2.33E+01,1.63E+00,2.22E+00,4.54E-01,1.05E+01
1502,1.647,1.226,9.60E+01,7.00E+00,9.80E-01,4.00E+00,1.23E+01,1.36E+01,2.24E+02,1.10E+01,1.70E+01,2.00E+01,1.40E+01,1.50E+01,3.11E+01,2.18E+00,4.00E+00,5.44E-01,7.78E+00
1505,1.433,1.059,2.23E+02,6.00E+00,9.40E-01,4.00E+00,5.28E+01,1.08E+01,1.48E+02,1.30E+01,1.80E+01,2.30E+01,2.20E+01,1.20E+01,6.28E+01,3.77E+00,1.49E+01,1.60E+00,4.22E+00
1508,1.189,1.018,2.70E+02,6.00E+00,9.90E-01,4.00E+00,2.78E+01,9.85E+00,1.90E+02,1.00E+01,1.60E+01,2.10E+01,1.80E+01,1.30E+01,6.31E+01,3.79E+00,6.49E+00,6.39E-01,9.72E+00
1510,1.704,1.37,2.16E+02,6.00E+00,9.30E-01,4.00E+00,5.48E+01,8.06E+00,7.80E+01,1.60E+01,1.30E+01,2.50E+01,7.00E+00,2.10E+01,7.24E+01,4.34E+00,1.84E+01,1.48E+00,3.94E+00
1525,1.138,0.979,2.10E+02,6.00E+00,9.40E-01,4.00E+00,4.17E+01,8.94E+00,1.17E+02,1.90E+01,1.10E+01,3.50E+01,9.00E+00,2.70E+01,4.70E+01,2.82E+00,9.33E+00,8.34E-01,5.04E+00
1528,1.545,1.32,1.90E+02,6.00E+00,9.70E-01,4.00E+00,2.31E+01,1.08E+01,1.29E+02,1.40E+01,1.10E+01,3.40E+01,9.00E+00,2.50E+01,5.77E+01,3.46E+00,7.01E+00,7.55E-01,8.23E+00
1531,2.014,1.407,6.40E+01,7.00E+00,7.60E-01,4.00E+00,1.79E+01,1.17E+01,1.32E+02,1.40E+01,1.00E+01,2.90E+01,9.00E+00,1.70E+01,2.53E+01,1.77E+00,7.09E+00,8.29E-01,3.58E+00
1566,1.475,1.368,2.20E+02,9.00E+00,6.60E-01,4.00E+00,3.39E+01,1.17E+01,4.00E+01,2.50E+01,1.40E+01,1.70E+01,9.00E+00,1.80E+01,6.38E+01,5.74E+00,9.84E+00,1.15E+00,6.48E+00
1575,1.853,1.494,1.79E+02,6.00E+00,8.90E-01,4.00E+00,1.24E+01,1.55E+01,5.20E+01,2.00E+01,8.00E+00,3.90E+01,5.00E+00,3.30E+01,6.52E+01,3.91E+00,4.50E+00,6.99E-01,1.45E+01
1586,1.909,1.402,6.70E+01,1.00E+01,9.10E-01,4.00E+00,2.20E+00,3.03E+01,1.90E+02,1.30E+01,1.30E+01,1.90E+01,1.10E+01,1.70E+01,2.51E+01,2.51E+00,8.25E-01,2.50E-01,3.05E+01
1589,1.269,0.926,8.30E+01,9.00E+00,9.80E-01,4.00E+00,5.92E+00,1.65E+01,2.20E+02,1.20E+01,1.60E+01,2.00E+01,1.60E+01,1.60E+01,2.07E+01,1.86E+00,1.48E+00,2.44E-01,1.40E+01
1592,1.92,1.41,4.60E+01,9.00E+00,4.80E-01,4.00E+00,3.33E+00,3.03E+01,2.70E+02,1.00E+01,1.60E+01,2.50E+01,1.70E+01,1.30E+01,1.74E+01,1.56E+00,1.26E+00,3.81E-01,1.38E+01
1595,1.682,1.382,8.50E+01,8.00E+00,9.80E-01,4.00E+00,5.31E+00,1.65E+01,4.30E+01,1.80E+01,6.00E+00,2.20E+01,4.00E+00,1.90E+01,2.81E+01,2.25E+00,1.75E+00,2.89E-01,1.60E+01
1599,2.131,1.502,4.10E+01,9.00E+00,7.58E-01,4.00E+00,3.03E+00,3.22E+01,4.60E+01,1.50E+01,6.00E+00,2.20E+01,4.00E+00,1.90E+01,1.72E+01,1.55E+00,1.27E+00,4.10E-01,1.35E+01
1602,1.867,1.477,7.40E+01,9.00E+00,9.80E-01,4.00E+00,5.92E+00,1.46E+01,6.00E+01,1.60E+01,7.00E+00,2.10E+01,5.00E+00,2.40E+01,2.72E+01,2.44E+00,2.17E+00,3.16E-01,1.25E+01
1605,1.503,1.106,6.65E+01,7.00E+00,9.70E-01,4.00E+00,4.74E+00,2.04E+01,1.07E+02,1.60E+01,2.20E+01,2.30E+01,8.00E+00,2.00E+01,1.96E+01,1.38E+00,1.40E+00,2.86E-01,1.40E+01
1608,1.24,0.977,1.06E+02,1.00E+01,9.90E-01,4.00E+00,1.76E+01,1.17E+01,1.50E+02,1.30E+01,8.00E+00,2.50E+01,6.00E+00,2.30E+01,2.58E+01,2.58E+00,4.28E+00,5.01E-01,6.03E+00
1611,2.142,1.519,6.90E+01,7.00E+00,9.20E-01,4.00E+00,5.33E+00,1.94E+01,5.00E+01,1.90E+01,9.00E+00,2.90E+01,4.50E+00,2.30E+01,2.91E+01,2.03E+00,2.24E+00,4.35E-01,1.30E+01
1614,1.868,1.271,9.00E+01,7.00E+00,9.40E-01,4.00E+00,1.55E+01,1.17E+01,1.40E+02,1.00E+01,8.00E+00,2.00E+01,8.00E+00,1.40E+01,3.31E+01,2.31E+00,5.69E+00,6.66E-01,5.81E+00
1615,1.885,1.071,1.10E+02,7.00E+00,7.90E-01,4.00E+00,1.72E+01,1.08E+01,2.40E+02,7.00E+00,1.70E+01,1.70E+01,2.40E+01,7.00E+00,4.08E+01,2.85E+00,6.38E+00,6.87E-01,6.39E+00
1618,1.841,1.09,1.34E+02,6.00E+00,9.90E-01,4.00E+00,1.91E+01,9.85E+00,2.02E+02,1.00E+01,1.50E+01,1.90E+01,1.70E+01,1.20E+01,4.85E+01,2.91E+00,6.91E+00,6.80E-01,7.02E+00
1621,1.789,1.135,6.60E+01,7.00E+00,9.90E-01,4.00E+00,1.72E+01,1.08E+01,1.98E+02,1.10E+01,1.60E+01,2.00E+01,1.50E+01,1.30E+01,2.32E+01,1.62E+00,6.04E+00,6.50E-01,3.84E+00
1624,1.26,0.974,2.10E+02,6.00E+00,3.20E-01,4.00E+00,8.47E+01,8.94E+00,9.60E+01,1.60E+01,1.30E+01,2.90E+01,1.60E+01,1.40E+01,5.20E+01,3.12E+00,2.10E+01,1.88E+00,2.48E+00
1627,1.996,1.381,1.48E+02,9.00E+00,9.40E-01,4.00E+00,8.30E+00,1.36E+01,5.00E+01,1.70E+01,8.00E+00,1.90E+01,4.00E+00,2.00E+01,5.81E+01,5.23E+00,3.26E+00,4.43E-01,1.78E+01
1630,1.91,1.464,1.80E+02,6.00E+00,9.00E-01,4.00E+00,3.70E+01,9.85E+00,5.00E+01,1.80E+01,9.00E+00,3.30E+01,4.00E+00,3.50E+01,6.76E+01,4.06E+00,1.39E+01,1.37E+00,4.86E+00
1633,1.581,1.127,3.74E+02,6.00E+00,8.70E-01,4.00E+00,9.22E+01,8.94E+00,7.10E+01,2.30E+01,1.40E+01,4.20E+01,8.00E+00,3.80E+01,1.16E+02,6.97E+00,2.87E+01,2.56E+00,4.06E+00
1641,1.548,1.141,6.30E+01,7.00E+00,8.40E-01,4.00E+00,1.35E+01,1.08E+01,6.50E+01,1.90E+01,1.20E+01,2.40E+01,8.00E+00,1.80E+01,1.92E+01,1.34E+00,4.09E+00,4.41E-01,4.68E+00
1647,2.09,1.494,9.40E+01,6.00E+00,9.20E-01,4.00E+00,3.38E+01,8.94E+00,6.00E+01,1.10E+01,6.00E+00,2.50E+01,5.00E+00,1.60E+01,3.86E+01,2.32E+00,1.39E+01,1.24E+00,2.78E+00
1663,1.777,1.348,4.60E+01,7.00E+00,8.50E-01,4.00E+00,1.01E+01,1.46E+01,2.23E+02,8.00E+00,1.40E+01,1.40E+01,1.30E+01,1.10E+01,1.61E+01,1.12E+00,3.53E+00,5.15E-01,4.55E+00
1698,1.648,1.146,5.60E+01,7.00E+00,8.10E-01,4.00E+00,3.58E+00,2.43E+01,2.39E+02,9.00E+00,1.80E+01,1.80E+01,1.80E+01,1.10E+01,1.81E+01,1.27E+00,1.16E+00,2.82E-01,1.56E+01
1705,2.196,1.51,5.80E+01,7.00E+00,9.50E-01,4.00E+00,6.84E+00,1.75E+01,1.13E+02,1.30E+01,9.00E+00,2.00E+01,8.00E+00,1.50E+01,2.50E+01,1.75E+00,2.95E+00,5.16E-01,8.48E+00
1708,1.436,1.001,9.80E+01,6.00E+00,7.80E-01,4.00E+00,5.26E+00,1.55E+01,1.71E+02,1.10E+01,1.20E+01,3.50E+01,9.00E+00,1.70E+01,2.77E+01,1.66E+00,1.48E+00,2.30E-01,1.86E+01
1711,1.769,1.231,6.70E+01,7.00E+00,9.90E-01,4.00E+00,1.03E+01,1.36E+01,8.00E+01,1.50E+01,1.10E+01,2.50E+01,6.00E+00,2.00E+01,2.33E+01,1.63E+00,3.58E+00,4.87E-01,6.50E+00
1715,1.815,1.442,6.60E+01,7.00E+00,7.10E-01,4.00E+00,5.77E+00,2.24E+01,1.20E+02,1.40E+01,1.30E+01,2.80E+01,8.00E+00,2.00E+01,2.35E+01,1.65E+00,2.06E+00,4.61E-01,1.14E+01
1718,1.576,1.249,4.80E+01,8.00E+00,9.80E-01,4.00E+00,8.37E+00,1.36E+01,1.31E+02,1.40E+01,1.20E+01,2.00E+01,9.00E+00,1.90E+01,1.49E+01,1.19E+00,2.59E+00,3.53E-01,5.74E+00
1723,1.41,1.063,6.40E+01,8.00E+00,5.20E-01,4.00E+00,1.71E+01,1.36E+01,2.40E+02,1.00E+01,2.20E+01,2.10E+01,1.90E+01,1.20E+01,1.77E+01,1.42E+00,4.74E+00,6.45E-01,3.74E+00
1735,1.763,1.242,4.50E+01,1.00E+01,9.90E-01,4.00E+00,2.31E+01,1.08E+01,1.59E+02,1.80E+01,1.20E+01,3.20E+01,1.10E+01,2.00E+01,1.56E+01,1.56E+00,8.02E+00,8.63E-01,1.95E+00
1737,1.908,1.328,4.10E+01,9.00E+00,9.50E-01,4.00E+00,3.68E+00,2.33E+01,1.59E+02,1.60E+01,1.30E+01,2.60E+01,1.10E+01,2.00E+01,1.54E+01,1.38E+00,1.38E+00,3.23E-01,1.11E+01
1753,1.663,1.34,2.50E+01,8.00E+00,8.90E-01,4.00E+00,2.70E+00,3.03E+01,9.10E+01,1.30E+01,9.00E+00,2.50E+01,5.00E+00,1.90E+01,8.17E+00,6.54E-01,8.82E-01,2.67E-01,9.27E+00
1757,1.695,1.241,4.20E+01,8.00E+00,8.60E-01,4.00E+00,6.05E+00,1.36E+01,6.00E+01,1.60E+01,1.30E+01,2.00E+01,1.10E+01,1.20E+01,1.40E+01,1.12E+00,2.01E+00,2.74E-01,6.95E+00
1769,1.884,1.157,6.90E+01,8.00E+00,9.00E-01,4.00E+00,9.67E+00,1.75E+01,2.30E+02,8.00E+00,1.20E+01,1.00E+01,1.30E+01,9.00E+00,2.56E+01,2.04E+00,3.58E+00,6.25E-01,7.14E+00
1772,1.363,1.007,3.20E+01,8.00E+00,9.20E-01,4.00E+00,9.57E+00,1.46E+01,1.30E+02,1.00E+01,1.80E+01,1.70E+01,1.00E+01,1.30E+01,8.57E+00,6.86E-01,2.56E+00,3.73E-01,3.35E+00
1782,1.904,1.448,1.23E+02,5.00E+00,9.60E-01,4.00E+00,3.70E+01,8.94E+00,5.45E+02,7.00E+00,6.00E+00,1.20E+01,4.50E+00,9.00E+00,4.60E+01,2.30E+00,1.38E+01,1.24E+00,3.33E+00
1793,1.954,1.469,1.46E+02,5.00E+00,9.80E-01,5.00E+00,4.39E+01,8.60E+00,5.30E+01,7.00E+00,5.50E+00,1.30E+01,5.30E+00,8.00E+00,5.61E+01,2.80E+00,1.69E+01,1.45E+00,3.33E+00
1799,1.674,1.376,1.56E+02,5.00E+00,8.60E-01,4.00E+00,2.35E+01,1.26E+01,5.30E+01,1.40E+01,6.00E+00,2.90E+01,5.00E+00,2.20E+01,5.13E+01,2.57E+00,7.74E+00,9.79E-01,6.64E+00
1803,1.572,1.239,8.00E+01,7.00E+00,6.50E-01,4.00E+00,8.15E+00,2.24E+01,1.60E+02,1.10E+01,1.40E+01,1.70E+01,1.00E+01,1.50E+01,2.47E+01,1.73E+00,2.52E+00,5.63E-01,9.81E+00
1807,1.776,1.303,5.30E+01,8.00E+00,9.30E-01,4.00E+00,3.23E+00,3.03E+01,1.20E+02,1.60E+01,8.00E+00,2.50E+01,7.00E+00,1.60E+01,1.85E+01,1.48E+00,1.13E+00,3.41E-01,1.64E+01
1811,2.048,1.391,4.20E+01,8.00E+00,9.60E-01,4.00E+00,3.23E+00,3.03E+01,8.00E+01,1.60E+01,7.00E+00,2.40E+01,6.00E+00,2.00E+01,1.69E+01,1.35E+00,1.30E+00,3.93E-01,1.30E+01
1824,1.754,1.244,1.70E+02,7.00E+00,9.10E-01,4.00E+00,2.86E+01,9.85E+00,6.80E+01,2.50E+01,1.30E+01,3.00E+01,7.00E+00,4.20E+01,5.86E+01,4.10E+00,9.85E+00,9.70E-01,5.95E+00
1826,2.219,1.685,1.80E+02,6.00E+00,9.34E-01,4.00E+00,2.86E+01,8.94E+00,4.20E+01,3.00E+01,7.00E+00,5.00E+01,4.00E+00,5.20E+01,7.85E+01,4.71E+00,1.25E+01,1.12E+00,6.30E+00
1829,2.297,1.676,7.20E+01,9.00E+00,9.30E-01,4.00E+00,1.83E+01,9.85E+00,3.50E+01,2.30E+01,8.00E+00,2.70E+01,8.00E+00,1.50E+01,3.25E+01,2.93E+00,8.25E+00,8.13E-01,3.94E+00
1833,1.218,0.999,1.27E+02,6.00E+00,9.10E-01,4.00E+00,4.24E+01,8.94E+00,7.20E+01,1.50E+01,1.00E+01,2.00E+01,1.00E+01,1.40E+01,3.04E+01,1.82E+00,1.02E+01,9.08E-01,3.00E+00
1836,1.689,1.23,3.60E+01,8.00E+00,8.30E-01,4.00E+00,7.52E+00,1.26E+01,1.08E+02,1.20E+01,8.00E+00,2.50E+01,1.00E+01,1.30E+01,1.20E+01,9.56E-01,2.50E+00,3.16E-01,4.79E+00
1839,2.027,1.21,6.20E+01,7.00E+00,8.10E-01,4.00E+00,1.00E+01,1.55E+01,8.50E+01,1.80E+01,1.40E+01,2.70E+01,9.00E+00,1.90E+01,2.47E+01,1.73E+00,3.98E+00,6.19E-01,6.20E+00
1842,1.396,1.067,5.80E+01,5.50E+00,5.00E-01,4.00E+00,2.06E+01,1.26E+01,2.00E+02,6.00E+00,2.10E+01,7.00E+00,3.50E+01,6.00E+00,1.59E+01,8.75E-01,5.65E+00,7.15E-01,2.82E+00
1843,1.797,1.351,5.20E+01,7.00E+00,7.80E-01,4.00E+00,6.53E+00,1.84E+01,8.40E+01,1.50E+01,1.10E+01,2.50E+01,6.00E+00,2.00E+01,1.84E+01,1.29E+00,2.31E+00,4.25E-01,7.96E+00
1846,1.866,1.332,4.60E+01,9.00E+00,9.20E-01,4.00E+00,5.65E+00,1.36E+01,4.00E+01,2.30E+01,6.00E+00,2.30E+01,4.00E+00,2.00E+01,1.69E+01,1.52E+00,2.07E+00,2.82E-01,8.14E+00
1849,1.845,1.467,5.40E+01,9.00E+00,9.90E-01,4.00E+00,4.34E+00,1.65E+01,3.60E+01,2.10E+01,8.00E+00,2.50E+01,7.00E+00,2.20E+01,1.96E+01,1.76E+00,1.58E+00,2.60E-01,1.24E+01
1852,2.05,1.34,2.90E+01,1.10E+01,9.50E-01,4.00E+00,3.05E+00,2.24E+01,3.50E+01,2.20E+01,8.00E+00,2.40E+01,4.00E+00,2.00E+01,1.17E+01,1.29E+00,1.23E+00,2.75E-01,9.50E+00
1857,1.812,1.353,3.80E+01,7.00E+00,7.70E-01,4.00E+00,3.64E+00,2.04E+01,8.00E+01,1.30E+01,6.00E+00,2.40E+01,5.00E+00,1.70E+01,1.35E+01,9.48E-01,1.30E+00,2.64E-01,1.05E+01
1860,1.838,1.225,3.60E+01,9.00E+00,9.80E-01,4.00E+00,3.98E+00,2.14E+01,2.59E+02,1.10E+01,1.90E+01,2.20E+01,1.50E+01,1.30E+01,1.30E+01,1.17E+00,1.44E+00,3.07E-01,9.05E+00
1864,1.645,1.288,4.50E+01,8.00E+00,9.00E-01,4.00E+00,3.44E+00,2.63E+01,1.32E+02,1.20E+01,1.40E+01,2.00E+01,1.20E+01,1.60E+01,1.46E+01,1.16E+00,1.11E+00,2.93E-01,1.31E+01
1867,1.968,1.539,3.70E+01,8.00E+00,9.60E-01,4.00E+00,1.04E+00,6.01E+01,1.10E+02,1.40E+01,1.20E+01,2.30E+01,6.00E+00,2.10E+01,1.43E+01,1.15E+00,4.03E-01,2.42E-01,3.55E+01
1870,1.977,1.119,6.00E+01,1.20E+01,9.30E-01,4.00E+00,3.44E+00,2.73E+01,2.60E+02,1.20E+01,1.80E+01,1.90E+01,2.20E+01,1.50E+01,2.33E+01,2.80E+00,1.34E+00,3.65E-01,1.74E+01
1873,2.029,1.426,4.20E+01,7.00E+00,9.90E-01,4.00E+00,5.96E+00,2.04E+01,1.31E+02,1.10E+01,9.00E+00,2.30E+01,8.00E+00,1.40E+01,1.68E+01,1.17E+00,2.38E+00,4.85E-01,7.05E+00
1890,1.826,1.376,1.03E+02,6.00E+00,9.40E-01,4.00E+00,5.32E+00,2.04E+01,1.16E+02,1.30E+01,1.20E+01,2.80E+01,6.00E+00,2.00E+01,3.70E+01,2.22E+00,1.91E+00,3.89E-01,1.94E+01
1918,1.617,1.199,9.80E+01,8.00E+00,9.70E-01,4.00E+00,3.95E+01,9.85E+00,2.00E+01,3.00E+01,4.00E+00,2.80E+01,3.00E+00,2.60E+01,3.12E+01,2.49E+00,1.26E+01,1.24E+00,2.48E+00
1928,1.902,1.395,5.40E+01,7.00E+00,8.10E-01,4.00E+00,6.79E+00,1.84E+01,1.95E+02,1.10E+01,1.50E+01,2.20E+01,1.30E+01,1.30E+01,2.02E+01,1.41E+00,2.54E+00,4.68E-01,7.95E+00
1933,1.657,1.271,6.00E+01,6.00E+00,8.00E-01,4.00E+00,4.50E+00,2.24E+01,8.40E+01,1.20E+01,7.00E+00,2.50E+01,5.00E+00,1.70E+01,1.95E+01,1.17E+00,1.47E+00,3.28E-01,1.33E+01
1969,2.051,1.513,6.80E+01,6.00E+00,9.80E-01,4.00E+00,7.55E+00,1.84E+01,8.95E+01,1.35E+01,9.00E+00,3.20E+01,6.00E+00,2.00E+01,2.74E+01,1.65E+00,3.04E+00,5.61E-01,9.01E+00
1985,1.778,1.444,1.60E+02,6.00E+00,9.60E-01,4.00E+00,4.52E+01,8.94E+00,7.00E+01,1.70E+01,9.00E+00,3.00E+01,6.00E+00,3.00E+01,5.59E+01,3.36E+00,1.58E+01,1.41E+00,3.54E+00
1988,2.499,1.657,9.00E+01,5.00E+00,9.20E-01,4.00E+00,1.37E+01,1.46E+01,8.00E+01,1.00E+01,7.00E+00,1.80E+01,4.50E+00,1.40E+01,4.42E+01,2.21E+00,6.73E+00,9.80E-01,6.57E+00
1989,2.152,1.575,6.20E+01,7.00E+00,9.20E-01,4.00E+00,1.96E+00,4.02E+01,8.00E+01,1.40E+01,9.00E+00,2.70E+01,5.00E+00,2.00E+01,2.62E+01,1.84E+00,8.28E-01,3.33E-01,3.17E+01
1995,1.982,1.451,3.60E+01,8.00E+00,9.20E-01,4.00E+00,1.85E+00,4.02E+01,9.30E+01,1.40E+01,9.00E+00,2.20E+01,5.00E+00,2.20E+01,1.40E+01,1.12E+00,7.20E-01,2.89E-01,1.95E+01
1996,1.92,1.448,3.80E+01,8.00E+00,9.60E-01,4.00E+00,1.98E+00,3.03E+01,1.24E+02,1.30E+01,1.10E+01,2.20E+01,7.50E+00,1.60E+01,1.43E+01,1.15E+00,7.47E-01,2.26E-01,1.92E+01
1999,1.351,1.023,3.30E+01,9.00E+00,9.90E-01,4.00E+00,2.63E+00,2.24E+01,1.06E+02,1.60E+01,1.60E+01,2.10E+01,7.00E+00,2.10E+01,8.76E+00,7.89E-01,6.98E-01,1.56E-01,1.26E+01
2001,1.681,1.213,6.00E+01,8.00E+00,9.40E-01,4.00E+00,4.26E+00,2.43E+01,1.26E+02,1.40E+01,1.35E+01,2.90E+01,1.00E+01,1.80E+01,1.98E+01,1.59E+00,1.41E+00,3.42E-01,1.41E+01
2004,2.115,1.668,4.20E+01,7.50E+00,8.00E-01,4.00E+00,3.38E+00,2.83E+01,6.10E+01,1.60E+01,8.00E+00,2.90E+01,3.00E+00,3.00E+01,1.75E+01,1.31E+00,1.40E+00,3.97E-01,1.24E+01
2007,2.062,1.53,3.70E+01,7.00E+00,7.60E-01,4.00E+00,1.78E+01,1.17E+01,6.61E+02,5.00E+00,6.00E+00,2.80E+01,4.00E+00,2.10E+01,1.50E+01,1.05E+00,7.20E+00,8.43E-01,2.08E+00
2010,1.938,1.436,5.20E+01,6.50E+00,9.30E-01,4.00E+00,4.09E+00,2.63E+01,7.10E+01,1.20E+01,7.00E+00,2.20E+01,5.00E+00,1.70E+01,1.98E+01,1.29E+00,1.56E+00,4.10E-01,1.27E+01
2014,1.979,1.327,8.80E+01,6.00E+00,9.20E-01,4.00E+00,7.07E+00,1.75E+01,8.40E+01,1.40E+01,1.00E+01,2.50E+01,8.00E+00,1.60E+01,3.42E+01,2.05E+00,2.75E+00,4.80E-01,1.25E+01
2017,2.042,1.542,8.00E+01,8.00E+00,9.80E-01,4.00E+00,4.90E+00,2.04E+01,6.00E+01,1.00E+01,4.00E+00,1.50E+01,3.40E+00,1.00E+01,3.21E+01,2.57E+00,1.97E+00,4.01E-01,1.63E+01
2020,2.077,1.396,6.60E+01,6.00E+00,9.80E-01,4.00E+00,4.39E+00,1.94E+01,8.30E+01,1.10E+01,8.50E+00,2.25E+01,6.00E+00,1.70E+01,2.69E+01,1.62E+00,1.79E+00,3.48E-01,1.50E+01
2023,2.305,1.583,7.00E+01,6.50E+00,9.90E-01,4.00E+00,7.58E+00,1.65E+01,5.30E+01,1.75E+01,1.10E+01,3.20E+01,4.50E+00,2.40E+01,3.17E+01,2.06E+00,3.43E+00,5.66E-01,9.24E+00
2028,1.824,1.393,1.01E+02,6.00E+00,2.30E-01,4.00E+00,1.83E+01,1.55E+01,7.10E+01,1.70E+01,1.30E+01,2.30E+01,5.00E+00,3.00E+01,3.62E+01,2.17E+00,6.55E+00,1.02E+00,5.53E+00
2031,1.636,1.304,1.02E+02,9.00E+00,9.70E-01,4.00E+00,2.23E+01,9.85E+00,4.00E+01,2.00E+01,6.00E+00,2.20E+01,5.00E+00,2.00E+01,3.28E+01,2.95E+00,7.16E+00,7.05E-01,4.58E+00
2035,2.013,1.497,7.50E+01,7.00E+00,8.80E-01,4.00E+00,1.14E+01,1.84E+01,5.40E+01,2.00E+01,5.00E+00,3.70E+01,4.00E+00,3.00E+01,2.97E+01,2.08E+00,4.50E+00,8.29E-01,6.60E+00
2038,1.693,1.206,1.59E+02,6.00E+00,3.90E-01,4.00E+00,3.38E+01,1.36E+01,5.30E+01,2.50E+01,1.10E+01,3.60E+01,<3,,5.29E+01,3.18E+00,1.13E+01,1.53E+00,4.70E+00
2041,2.431,1.408,6.90E+01,8.00E+00,8.60E-01,4.00E+00,1.38E+01,1.17E+01,4.00E+01,3.00E+01,1.00E+01,3.10E+01,4.00E+00,4.40E+01,3.30E+01,2.64E+00,6.61E+00,7.74E-01,4.99E+00
2044,1.476,1.263,9.60E+01,5.00E+00,7.20E-01,4.00E+00,3.60E+01,9.85E+00,1.18E+02,6.00E+00,8.00E+00,9.00E+00,9.00E+00,6.00E+00,2.79E+01,1.39E+00,1.04E+01,1.03E+00,2.67E+00
2046,1.907,1.451,8.40E+01,7.00E+00,8.70E-01,4.00E+00,1.57E+01,1.26E+01,7.80E+01,1.70E+01,1.60E+01,3.20E+01,5.00E+00,2.90E+01,3.15E+01,2.20E+00,5.90E+00,7.47E-01,5.33E+00
2075,1.715,1.294,3.40E+01,9.00E+00,9.50E-01,4.00E+00,7.05E+00,1.75E+01,5.20E+01,2.10E+01,8.00E+00,3.00E+01,4.50E+00,2.30E+01,1.15E+01,1.03E+00,2.38E+00,4.15E-01,4.82E+00
2096,1.982,1.499,4.50E+01,7.00E+00,8.60E-01,4.00E+00,3.84E+00,2.43E+01,5.70E+01,1.80E+01,1.20E+01,2.50E+01,5.00E+00,2.40E+01,1.75E+01,1.23E+00,1.50E+00,3.64E-01,1.17E+01
2102,1.748,1.309,1.06E+02,6.00E+00,9.70E-01,4.00E+00,1.20E+01,1.36E+01,1.00E+02,1.50E+01,2.20E+01,2.50E+01,7.00E+00,2.20E+01,3.64E+01,2.19E+00,4.11E+00,5.59E-01,8.86E+00
2104,2.471,1.615,5.70E+01,7.00E+00,9.10E-01,4.00E+00,1.67E+01,1.36E+01,6.00E+01,1.80E+01,7.00E+00,2.30E+01,5.00E+00,2.70E+01,2.77E+01,1.94E+00,8.13E+00,1.11E+00,3.41E+00
2127,1.694,1.041,1.03E+02,7.00E+00,9.60E-01,4.00E+00,3.26E+01,9.85E+00,1.16E+02,1.20E+01,1.70E+01,2.30E+01,1.30E+01,1.30E+01,3.43E+01,2.40E+00,1.09E+01,1.07E+00,3.16E+00
2135,1.572,1.201,9.10E+01,7.00E+00,9.90E-01,4.00E+00,7.27E+00,1.46E+01,8.40E+01,1.70E+01,1.60E+01,2.70E+01,6.00E+00,2.50E+01,2.81E+01,1.97E+00,2.25E+00,3.27E-01,1.25E+01
2145,2.044,1.53,1.10E+02,6.00E+00,8.30E-01,4.00E+00,3.63E+01,9.85E+00,7.60E+01,1.50E+01,7.00E+00,3.30E+01,6.00E+00,2.40E+01,4.42E+01,2.65E+00,1.46E+01,1.44E+00,3.03E+00
2153,1.876,1.354,1.43E+02,6.00E+00,9.20E-01,4.00E+00,3.14E+01,1.08E+01,6.50E+01,2.00E+01,8.00E+00,3.00E+01,6.00E+00,2.90E+01,5.27E+01,3.16E+00,1.16E+01,1.25E+00,4.56E+00
2160,1.936,1.513,6.00E+01,7.00E+00,9.50E-01,4.00E+00,4.95E+00,1.75E+01,1.36E+02,1.30E+01,1.30E+01,2.40E+01,9.00E+00,1.70E+01,2.28E+01,1.60E+00,1.88E+00,3.29E-01,1.21E+01
2176,1.813,1.275,7.00E+01,7.00E+00,8.80E-01,4.00E+00,2.06E+01,1.26E+01,9.00E+01,1.70E+01,9.00E+00,2.80E+01,5.00E+00,3.00E+01,2.49E+01,1.75E+00,7.35E+00,9.29E-01,3.40E+00
2179,2.044,1.405,1.05E+02,7.00E+00,8.50E-01,4.00E+00,9.41E+00,1.55E+01,7.00E+01,1.90E+01,6.00E+00,3.00E+01,5.00E+00,3.00E+01,4.22E+01,2.95E+00,3.78E+00,5.87E-01,1.12E+01
2182,2.479,1.267,1.33E+02,6.00E+00,8.80E-01,4.00E+00,3.12E+01,9.85E+00,1.50E+02,1.30E+01,1.30E+01,2.40E+01,1.00E+01,1.70E+01,6.48E+01,3.89E+00,1.52E+01,1.50E+00,4.26E+00
2185,1.829,1.243,1.30E+02,7.00E+00,9.60E-01,4.00E+00,1.76E+01,1.26E+01,1.20E+02,1.80E+01,1.10E+01,3.00E+01,8.00E+00,2.70E+01,4.67E+01,3.27E+00,6.33E+00,8.00E-01,7.39E+00
2187,2.972,1.523,1.30E+02,6.00E+00,9.20E-01,4.00E+00,7.28E+00,2.24E+01,1.20E+02,1.40E+01,9.00E+00,2.80E+01,9.00E+00,2.10E+01,7.60E+01,4.56E+00,4.25E+00,9.51E-01,1.79E+01
2188,1.924,1.48,1.10E+02,6.00E+00,8.10E-01,4.00E+00,1.78E+01,1.26E+01,1.70E+02,1.10E+01,1.10E+01,2.30E+01,1.00E+01,1.50E+01,4.16E+01,2.50E+00,6.75E+00,8.53E-01,6.17E+00
2191,2.104,1.433,6.60E+01,7.00E+00,6.00E-01,4.00E+00,1.72E+01,1.26E+01,1.60E+02,8.00E+00,1.10E+01,9.00E+00,1.00E+01,8.00E+00,2.73E+01,1.91E+00,7.10E+00,8.98E-01,3.84E+00
2194,2.19,1.304,5.85E+01,7.00E+00,9.40E-01,4.00E+00,3.51E+00,3.03E+01,4.50E+01,2.35E+01,7.00E+00,3.80E+01,5.00E+00,3.00E+01,2.52E+01,1.76E+00,1.51E+00,4.57E-01,1.67E+01
2197,1.557,1.184,1.14E+02,9.00E+00,9.60E-01,4.00E+00,2.06E+01,1.08E+01,3.80E+01,2.20E+01,8.00E+00,2.30E+01,4.00E+00,2.10E+01,3.49E+01,3.14E+00,6.31E+00,6.80E-01,5.53E+00
2200,1.849,1.439,5.60E+01,7.00E+00,9.10E-01,4.00E+00,5.93E+00,2.04E+01,5.50E+01,1.70E+01,7.00E+00,3.00E+01,5.00E+00,2.00E+01,2.04E+01,1.42E+00,2.16E+00,4.40E-01,9.44E+00
2203,2.058,1.432,5.00E+01,7.00E+00,9.20E-01,4.00E+00,7.28E+00,1.84E+01,7.00E+01,1.40E+01,9.00E+00,2.50E+01,6.00E+00,1.80E+01,2.02E+01,1.42E+00,2.95E+00,5.43E-01,6.87E+00
2206,1.684,1.164,6.20E+01,7.00E+00,7.80E-01,4.00E+00,1.13E+01,1.46E+01,9.60E+01,1.40E+01,1.50E+01,2.50E+01,6.00E+00,2.10E+01,2.05E+01,1.44E+00,3.73E+00,5.44E-01,5.50E+00
2209,2.284,1.612,5.00E+01,7.00E+00,7.90E-01,4.00E+00,5.44E+00,1.94E+01,8.00E+01,1.30E+01,6.00E+00,3.80E+01,4.00E+00,2.10E+01,2.25E+01,1.57E+00,2.44E+00,4.75E-01,9.19E+00
2210,2.025,1.293,4.70E+01,7.00E+00,9.70E-01,4.00E+00,4.64E+00,1.94E+01,6.70E+01,1.70E+01,7.00E+00,3.40E+01,4.00E+00,3.00E+01,1.87E+01,1.31E+00,1.85E+00,3.59E-01,1.01E+01
2213,1.777,1.331,6.50E+01,1.00E+01,8.40E-01,4.00E+00,2.86E+00,2.83E+01,6.00E+01,1.70E+01,8.00E+00,2.40E+01,4.00E+00,2.50E+01,2.27E+01,2.27E+00,9.98E-01,2.82E-01,2.28E+01
2216,1.947,1.454,4.10E+01,1.10E+01,9.10E-01,4.00E+00,1.43E+00,4.52E+01,5.00E+01,1.90E+01,7.00E+00,2.70E+01,6.00E+00,2.20E+01,1.57E+01,1.73E+00,5.47E-01,2.47E-01,2.87E+01
2219,1.862,1.381,4.80E+01,8.00E+00,8.60E-01,4.00E+00,1.70E+01,9.85E+00,1.92E+02,1.10E+01,1.90E+01,2.10E+01,9.00E+00,1.50E+01,1.76E+01,1.41E+00,6.21E+00,6.12E-01,2.83E+00
2222,1.806,1.318,5.00E+01,7.00E+00,9.30E-01,4.00E+00,1.94E+00,2.53E+01,2.30E+02,9.00E+00,1.50E+01,2.10E+01,1.50E+01,1.10E+01,1.78E+01,1.24E+00,6.87E-01,1.74E-01,2.58E+01
2266,1.749,1.214,7.60E+01,7.00E+00,8.80E-01,4.00E+00,9.43E+00,1.17E+01,1.08E+02,1.30E+01,1.80E+01,1.90E+01,7.00E+00,1.70E+01,2.61E+01,1.83E+00,3.24E+00,3.80E-01,8.06E+00
2269,1.577,1.231,6.80E+01,5.00E+00,9.40E-01,4.00E+00,1.02E+01,1.36E+01,8.80E+01,8.00E+00,7.00E+00,1.70E+01,6.00E+00,1.80E+01,2.11E+01,1.05E+00,3.17E+00,4.31E-01,6.66E+00
2286,1.748,1.437,1.30E+02,6.00E+00,7.40E-01,4.00E+00,2.04E+01,1.08E+01,1.70E+02,1.10E+01,1.40E+01,2.50E+01,1.00E+01,1.70E+01,4.47E+01,2.68E+00,7.02E+00,7.56E-01,6.36E+00
2289,1.788,1.337,1.20E+02,6.00E+00,6.90E-01,4.00E+00,3.61E+01,9.85E+00,1.51E+02,1.00E+01,1.20E+01,1.90E+01,1.10E+01,1.20E+01,4.22E+01,2.53E+00,1.27E+01,1.25E+00,3.33E+00
2297,1.456,1.242,9.00E+01,6.00E+00,4.20E-01,4.00E+00,3.48E+01,9.85E+00,1.20E+02,1.30E+01,1.00E+01,2.20E+01,7.00E+00,1.90E+01,2.58E+01,1.55E+00,9.95E+00,9.80E-01,2.59E+00
2300,1.314,1.004,1.00E+02,7.00E+00,9.90E-01,4.00E+00,2.42E+01,8.94E+00,1.50E+02,1.50E+01,1.30E+01,2.90E+01,1.00E+01,2.20E+01,2.58E+01,1.81E+00,6.25E+00,5.59E-01,4.14E+00
2309,2.147,1.583,5.20E+01,8.00E+00,9.10E-01,4.00E+00,8.90E+00,1.26E+01,5.00E+01,2.00E+01,7.00E+00,2.90E+01,4.00E+00,2.70E+01,2.19E+01,1.76E+00,3.76E+00,4.75E-01,5.84E+00
2316,1.647,1.261,6.70E+01,7.00E+00,9.40E-01,4.00E+00,4.04E+00,2.24E+01,2.07E+02,1.20E+01,1.90E+01,2.30E+01,1.10E+01,1.70E+01,2.17E+01,1.52E+00,1.31E+00,2.93E-01,1.66E+01
2318,2.091,1.463,6.00E+01,7.00E+00,9.10E-01,4.00E+00,4.62E+00,1.84E+01,1.56E+02,1.20E+01,1.50E+01,2.30E+01,8.00E+00,1.70E+01,2.47E+01,1.73E+00,1.90E+00,3.50E-01,1.30E+01
2324,1.779,1.218,6.60E+01,5.00E+00,8.30E-01,4.00E+00,3.34E+01,1.08E+01,2.33E+02,5.00E+00,1.40E+01,9.00E+00,1.30E+01,6.00E+00,2.31E+01,1.15E+00,1.17E+01,1.26E+00,1.98E+00
2330,1.927,1.222,1.30E+02,6.00E+00,8.80E-01,4.00E+00,2.98E+01,9.85E+00,1.90E+02,6.00E+00,1.30E+01,8.00E+00,1.20E+01,6.00E+00,4.92E+01,2.95E+00,1.13E+01,1.11E+00,4.37E+00
2333,0.971,0.833,1.42E+02,7.00E+00,8.40E-01,4.00E+00,4.07E+01,8.94E+00,2.50E+02,1.30E+01,2.50E+01,2.00E+01,1.90E+01,1.60E+01,2.71E+01,1.90E+00,7.77E+00,6.95E-01,3.49E+00
2335,2.101,1.603,9.40E+01,7.00E+00,9.50E-01,4.00E+00,5.68E+00,1.55E+01,9.90E+01,1.70E+01,1.10E+01,3.20E+01,6.00E+00,2.70E+01,3.88E+01,2.72E+00,2.35E+00,3.64E-01,1.65E+01
2353,2.118,1.289,7.30E+01,7.00E+00,8.90E-01,4.00E+00,7.08E+00,2.24E+01,1.40E+02,1.40E+01,7.00E+00,2.10E+01,8.00E+00,2.10E+01,3.04E+01,2.13E+00,2.95E+00,6.59E-01,1.03E+01
2368,1.982,1.495,7.20E+01,6.00E+00,9.80E-01,4.00E+00,5.92E+00,2.04E+01,7.00E+01,1.40E+01,8.50E+00,2.70E+01,5.00E+00,2.20E+01,2.81E+01,1.68E+00,2.31E+00,4.70E-01,1.22E+01
2371,1.894,1.243,6.50E+01,7.00E+00,9.70E-01,4.00E+00,7.94E+00,1.65E+01,1.29E+02,1.40E+01,1.50E+01,2.20E+01,8.00E+00,1.90E+01,2.42E+01,1.69E+00,2.96E+00,4.87E-01,8.19E+00
2386,1.898,1.255,8.50E+01,6.00E+00,8.70E-01,4.00E+00,4.71E+00,1.55E+01,2.71E+02,7.00E+00,2.00E+01,1.10E+01,1.80E+01,8.00E+00,3.17E+01,1.90E+00,1.76E+00,2.73E-01,1.80E+01
2388,2.057,1.527,5.90E+01,7.00E+00,9.60E-01,4.00E+00,4.38E+00,2.04E+01,1.96E+02,1.10E+01,1.80E+01,2.60E+01,1.20E+01,1.30E+01,2.39E+01,1.67E+00,1.77E+00,3.61E-01,1.35E+01
2396,2.499,1.386,8.60E+01,7.00E+00,9.10E-01,4.00E+00,1.14E+01,1.65E+01,7.40E+01,1.80E+01,5.00E+00,4.00E+01,5.00E+00,2.60E+01,4.22E+01,2.96E+00,5.61E+00,9.26E-01,7.53E+00
2398,2.54,1.228,8.20E+01,7.00E+00,8.50E-01,4.00E+00,1.96E+01,1.26E+01,6.00E+01,1.90E+01,7.00E+00,3.00E+01,5.00E+00,2.70E+01,4.09E+01,2.87E+00,9.80E+00,1.24E+00,4.18E+00
2406,2.097,1.268,6.50E+01,7.00E+00,8.70E-01,4.00E+00,6.32E+00,2.43E+01,4.40E+01,2.50E+01,6.00E+00,3.10E+01,4.00E+00,2.90E+01,2.68E+01,1.88E+00,2.61E+00,6.34E-01,1.03E+01
2409,2.162,1.492,6.00E+01,6.00E+00,8.70E-01,4.00E+00,4.02E+00,2.04E+01,5.00E+01,7.00E+00,5.00E+00,1.00E+01,4.00E+00,8.00E+00,2.55E+01,1.53E+00,1.71E+00,3.49E-01,1.49E+01
2413,2.109,1.447,7.10E+01,7.00E+00,9.50E-01,4.00E+00,4.00E+00,2.24E+01,1.64E+02,1.20E+01,1.50E+01,3.00E+01,1.00E+01,1.60E+01,2.94E+01,2.06E+00,1.66E+00,3.71E-01,1.78E+01
2414,2.129,1.459,4.60E+01,7.00E+00,9.50E-01,4.00E+00,3.16E+00,2.63E+01,1.17E+02,1.30E+01,1.10E+01,2.70E+01,7.00E+00,1.90E+01,1.93E+01,1.35E+00,1.32E+00,3.48E-01,1.46E+01
2416,2.156,1.503,5.70E+01,7.00E+00,8.70E-01,4.00E+00,1.63E+00,4.02E+01,1.41E+02,1.20E+01,1.20E+01,1.80E+01,8.00E+00,1.60E+01,2.42E+01,1.69E+00,6.92E-01,2.78E-01,3.49E+01
2418,1.714,1.406,5.40E+01,1.00E+01,9.70E-01,4.00E+00,1.75E+00,3.52E+01,1.40E+02,1.30E+01,8.00E+00,2.50E+01,8.00E+00,2.10E+01,1.82E+01,1.82E+00,5.91E-01,2.08E-01,3.08E+01
2421,2.272,1.545,4.65E+01,2.10E+01,5.70E-01,4.00E+00,4.04E+00,2.43E+01,7.00E+01,1.40E+01,9.00E+00,2.20E+01,5.00E+00,1.90E+01,2.08E+01,4.36E+00,1.80E+00,4.39E-01,1.15E+01
2424,1.776,1.288,5.70E+01,8.00E+00,8.40E-01,4.00E+00,4.29E+00,2.33E+01,1.02E+02,1.60E+01,1.90E+01,2.00E+01,1.30E+01,1.40E+01,1.99E+01,1.59E+00,1.50E+00,3.49E-01,1.33E+01
2427,1.397,0.883,5.10E+01,6.00E+00,8.30E-01,4.00E+00,6.87E+00,2.04E+01,8.80E+01,9.00E+00,1.20E+01,1.20E+01,1.30E+01,8.00E+00,1.40E+01,8.40E-01,1.89E+00,3.85E-01,7.43E+00
2430,2.225,1.523,5.20E+01,6.00E+00,8.50E-01,4.00E+00,8.47E+00,1.26E+01,6.00E+01,7.00E+00,5.00E+00,1.00E+01,5.00E+00,7.00E+00,2.27E+01,1.36E+00,3.71E+00,4.69E-01,6.14E+00
2433,1.979,1.397,3.60E+01,8.00E+00,8.10E-01,4.00E+00,3.95E+00,3.03E+01,5.00E+01,2.10E+01,5.00E+00,3.80E+01,4.00E+00,2.90E+01,1.40E+01,1.12E+00,1.54E+00,4.65E-01,9.11E+00
2435,1.704,1.317,2.30E+02,6.00E+00,8.30E-01,4.00E+00,3.23E+01,9.85E+00,6.00E+01,1.90E+01,6.00E+00,5.40E+01,4.00E+00,3.70E+01,7.70E+01,4.62E+00,1.08E+01,1.07E+00,7.12E+00
2438,2.145,1.47,6.70E+01,7.00E+00,8.80E-01,4.00E+00,9.20E+00,2.04E+01,5.70E+01,2.00E+01,8.00E+00,3.10E+01,5.00E+00,3.00E+01,2.83E+01,1.98E+00,3.88E+00,7.92E-01,7.28E+00
2441,2.116,1.451,4.90E+01,8.00E+00,9.30E-01,4.00E+00,5.59E+00,2.73E+01,5.00E+01,2.10E+01,5.00E+00,2.80E+01,4.00E+00,3.00E+01,2.04E+01,1.63E+00,2.33E+00,6.35E-01,8.76E+00
2444,1.648,1.208,9.00E+01,6.00E+00,9.10E-01,4.00E+00,2.16E+01,1.17E+01,8.00E+01,7.00E+00,7.00E+00,1.00E+01,6.00E+00,8.00E+00,2.92E+01,1.75E+00,6.99E+00,8.19E-01,4.17E+00
2447,2.099,1.554,9.40E+01,7.00E+00,9.20E-01,4.00E+00,9.46E+00,1.36E+01,5.70E+01,2.20E+01,8.00E+00,4.20E+01,5.00E+00,3.50E+01,3.88E+01,2.72E+00,3.90E+00,5.31E-01,9.94E+00
2450,1.626,1.223,1.46E+02,7.00E+00,9.00E-01,4.00E+00,3.61E+01,9.85E+00,1.99E+02,1.60E+01,2.10E+01,3.10E+01,1.30E+01,2.50E+01,4.67E+01,3.27E+00,1.15E+01,1.14E+00,4.04E+00
2453,1.553,1.188,8.00E+01,6.00E+00,8.50E-01,4.00E+00,1.86E+01,1.08E+01,2.52E+02,9.00E+00,1.70E+01,1.50E+01,1.60E+01,1.20E+01,2.44E+01,1.47E+00,5.67E+00,6.11E-01,4.30E+00
2456,1.566,1.194,8.20E+01,6.00E+00,9.60E-01,4.00E+00,1.22E+01,1.55E+01,1.40E+02,1.00E+01,1.00E+01,1.90E+01,8.00E+00,1.40E+01,2.52E+01,1.51E+00,3.76E+00,5.84E-01,6.71E+00
2460,1.523,1.317,9.00E+01,8.00E+00,4.60E-01,4.00E+00,3.80E+01,1.08E+01,9.00E+01,1.60E+01,1.00E+01,2.60E+01,6.00E+00,2.30E+01,2.69E+01,2.16E+00,1.14E+01,1.23E+00,2.37E+00
2487,1.787,1.46,1.08E+02,6.00E+00,8.60E-01,4.00E+00,2.14E+01,9.85E+00,9.00E+01,1.60E+01,9.00E+00,3.00E+01,6.00E+00,2.60E+01,3.79E+01,2.28E+00,7.52E+00,7.40E-01,5.05E+00
2510,1.926,1.38,6.30E+01,7.00E+00,9.40E-01,4.00E+00,5.64E+00,1.55E+01,1.70E+02,1.20E+01,1.20E+01,2.30E+01,1.10E+01,1.60E+01,2.39E+01,1.67E+00,2.13E+00,3.31E-01,1.12E+01
2513,1.926,1.388,5.80E+01,7.00E+00,8.80E-01,4.00E+00,4.66E+00,1.94E+01,1.90E+02,1.10E+01,1.40E+01,2.10E+01,1.30E+01,1.30E+01,2.20E+01,1.54E+00,1.76E+00,3.43E-01,1.24E+01
2524,2.092,1.488,7.50E+01,7.00E+00,8.20E-01,4.00E+00,8.29E+00,2.24E+01,7.00E+01,1.80E+01,6.00E+00,3.30E+01,5.00E+00,2.40E+01,3.08E+01,2.16E+00,3.41E+00,7.63E-01,9.04E+00
2544,2.038,1.313,6.70E+01,7.00E+00,8.90E-01,4.00E+00,5.28E+00,3.03E+01,8.00E+01,1.70E+01,7.00E+00,3.20E+01,6.00E+00,2.40E+01,2.68E+01,1.88E+00,2.12E+00,6.40E-01,1.27E+01
2570,1.649,1.152,1.35E+02,6.00E+00,8.90E-01,4.00E+00,3.24E+01,9.85E+00,9.60E+01,1.60E+01,1.10E+01,2.80E+01,8.00E+00,2.60E+01,4.38E+01,2.63E+00,1.05E+01,1.03E+00,4.17E+00
2591,0.919,0.672,1.83E+02,9.00E+00,9.90E-01,4.00E+00,5.04E+01,8.94E+00,5.00E+01,1.80E+01,1.10E+01,2.00E+01,9.00E+00,1.70E+01,3.31E+01,2.98E+00,9.11E+00,8.14E-01,3.63E+00
2595,1.58,1.288,1.29E+02,9.00E+00,9.90E-01,4.00E+00,2.13E+01,1.08E+01,5.00E+01,1.90E+01,8.00E+00,2.40E+01,4.00E+00,2.60E+01,4.01E+01,3.61E+00,6.62E+00,7.13E-01,6.05E+00
2597,1.804,1.363,9.50E+01,8.00E+00,9.50E-01,4.00E+00,2.94E+01,1.08E+01,1.20E+02,1.40E+01,8.00E+00,2.30E+01,7.00E+00,1.80E+01,3.37E+01,2.70E+00,1.04E+01,1.12E+00,3.23E+00
2600,1.936,1.479,1.36E+02,9.00E+00,9.60E-01,4.00E+00,2.66E+01,1.08E+01,1.00E+02,1.30E+01,8.00E+00,2.10E+01,7.00E+00,1.50E+01,5.18E+01,4.66E+00,1.01E+01,1.09E+00,5.12E+00
2603,1.536,1.13,1.15E+02,9.00E+00,9.60E-01,4.00E+00,3.86E+01,9.85E+00,5.00E+01,1.90E+01,8.00E+00,2.50E+01,6.00E+00,2.10E+01,3.47E+01,3.13E+00,1.17E+01,1.15E+00,2.98E+00
2606,1.655,1.479,1.21E+02,6.00E+00,7.90E-01,4.00E+00,3.33E+01,1.08E+01,7.60E+01,1.70E+01,7.00E+00,3.40E+01,5.00E+00,2.80E+01,3.94E+01,2.36E+00,1.08E+01,1.17E+00,3.63E+00
2609,1.813,1.361,5.80E+01,8.00E+00,8.70E-01,4.00E+00,8.16E+00,1.55E+01,8.00E+01,1.90E+01,8.00E+00,3.00E+01,7.00E+00,2.10E+01,2.07E+01,1.65E+00,2.91E+00,4.52E-01,7.11E+00
2612,2.048,1.481,5.30E+01,7.00E+00,8.40E-01,4.00E+00,4.64E+00,1.55E+01,4.80E+01,2.00E+01,5.00E+00,3.00E+01,3.00E+00,3.00E+01,2.13E+01,1.49E+00,1.87E+00,2.90E-01,1.14E+01
2618,2.028,1.487,3.30E+01,8.00E+00,8.90E-01,4.00E+00,3.15E+00,4.02E+01,6.00E+01,1.70E+01,6.00E+00,2.70E+01,4.00E+00,2.60E+01,1.32E+01,1.05E+00,1.25E+00,5.04E-01,1.05E+01
2621,2.195,1.502,3.50E+01,7.00E+00,9.20E-01,4.00E+00,4.46E+00,1.94E+01,5.00E+01,1.80E+01,6.00E+00,3.10E+01,4.00E+00,2.70E+01,1.51E+01,1.06E+00,1.92E+00,3.73E-01,7.85E+00
2624,1.93,1.377,6.70E+01,7.00E+00,9.30E-01,4.00E+00,5.27E+00,3.03E+01,4.40E+01,2.30E+01,7.00E+00,3.20E+01,5.00E+00,2.60E+01,2.54E+01,1.78E+00,2.00E+00,6.05E-01,1.27E+01
2627,2.097,1.564,4.00E+01,7.00E+00,4.60E-01,4.00E+00,4.35E+00,2.53E+01,5.00E+01,1.30E+01,4.00E+00,2.40E+01,4.00E+00,1.70E+01,1.65E+01,1.15E+00,1.79E+00,4.54E-01,9.20E+00
2630,1.986,1.626,6.00E+01,7.00E+00,9.10E-01,4.00E+00,1.98E+00,4.02E+01,<19,,8.00E+00,2.50E+01,6.00E+00,2.40E+01,2.34E+01,1.64E+00,7.72E-01,3.10E-01,3.03E+01
2633,1.68,1.277,6.00E+01,8.00E+00,9.90E-01,4.00E+00,5.15E+00,1.84E+01,2.20E+02,1.20E+01,1.40E+01,2.10E+01,1.70E+01,1.30E+01,1.98E+01,1.59E+00,1.70E+00,3.14E-01,1.16E+01
2638,1.685,1.35,8.20E+01,7.00E+00,7.80E-01,4.00E+00,6.79E+00,1.55E+01,1.00E+02,1.50E+01,9.00E+00,2.90E+01,6.00E+00,2.30E+01,2.72E+01,1.90E+00,2.25E+00,3.49E-01,1.21E+01
2644,2.051,1.32,8.00E+01,9.00E+00,9.60E-01,4.00E+00,1.44E+01,1.17E+01,4.50E+01,1.60E+01,7.00E+00,3.00E+01,5.00E+00,2.30E+01,3.23E+01,2.90E+00,5.80E+00,6.78E-01,5.57E+00
2648,2.038,1.342,7.10E+01,7.00E+00,9.80E-01,4.00E+00,1.13E+01,1.17E+01,1.88E+02,1.20E+01,1.50E+01,2.10E+01,1.20E+01,1.50E+01,2.84E+01,1.99E+00,4.54E+00,5.31E-01,6.27E+00
2653,1.444,1.187,9.00E+01,7.00E+00,3.20E-01,4.00E+00,7.81E+00,3.82E+01,1.00E+02,7.00E+00,7.00E+00,1.00E+01,7.00E+00,7.00E+00,2.55E+01,1.79E+00,2.22E+00,8.47E-01,1.15E+01
2695,1.748,1.354,8.20E+01,7.00E+00,9.40E-01,4.00E+00,6.08E+00,2.73E+01,1.34E+02,1.30E+01,1.40E+01,2.20E+01,9.00E+00,1.70E+01,2.82E+01,1.97E+00,2.09E+00,5.71E-01,1.35E+01
2709,1.884,1.278,5.70E+01,8.00E+00,9.00E-01,4.00E+00,5.89E+00,1.26E+01,2.20E+02,1.10E+01,1.70E+01,1.80E+01,1.40E+01,1.40E+01,2.11E+01,1.69E+00,2.18E+00,2.76E-01,9.68E+00
2750,1.794,1.26,7.30E+01,7.00E+00,9.30E-01,4.00E+00,8.39E+00,1.26E+01,8.00E+01,1.70E+01,1.00E+01,2.70E+01,5.00E+00,2.40E+01,2.57E+01,1.80E+00,2.96E+00,3.74E-01,8.70E+00
2753,1.535,1.374,7.50E+01,7.00E+00,8.50E-01,4.00E+00,5.65E+00,2.83E+01,7.00E+01,2.00E+01,8.00E+00,3.00E+01,7.00E+00,2.40E+01,2.26E+01,1.58E+00,1.70E+00,4.82E-01,1.33E+01
2761,2.105,1.516,5.10E+01,7.00E+00,8.10E-01,4.00E+00,2.96E+00,3.52E+01,5.50E+01,1.80E+01,8.00E+00,2.40E+01,4.00E+00,2.60E+01,2.11E+01,1.48E+00,1.23E+00,4.32E-01,1.72E+01
2763,1.491,1.059,7.00E+01,7.00E+00,8.50E-01,4.00E+00,3.43E+00,2.24E+01,2.10E+02,1.10E+01,2.20E+01,1.90E+01,2.60E+01,1.10E+01,2.05E+01,1.44E+00,1.00E+00,2.25E-01,2.04E+01
2765,1.154,0.84,7.90E+01,7.00E+00,9.90E-01,4.00E+00,6.06E+00,1.55E+01,2.66E+02,1.00E+01,4.20E+01,1.30E+01,3.10E+01,9.00E+00,1.79E+01,1.25E+00,1.37E+00,2.13E-01,1.30E+01
2768,2.006,1.401,4.20E+01,7.00E+00,9.50E-01,4.00E+00,4.63E+00,1.94E+01,5.10E+01,1.70E+01,6.00E+00,2.80E+01,4.00E+00,2.00E+01,1.66E+01,1.16E+00,1.83E+00,3.55E-01,9.07E+00
2771,2.078,1.177,4.00E+01,7.00E+00,9.30E-01,4.00E+00,3.98E+00,2.83E+01,7.00E+01,1.30E+01,1.00E+01,1.80E+01,5.00E+00,1.80E+01,1.63E+01,1.14E+00,1.63E+00,4.60E-01,1.01E+01
2774,2.098,1.456,3.00E+01,8.00E+00,7.50E-01,4.00E+00,5.60E+00,1.94E+01,6.00E+01,2.00E+01,8.00E+00,2.40E+01,4.00E+00,2.30E+01,1.24E+01,9.90E-01,2.31E+00,4.48E-01,5.36E+00
2777,2.056,1.489,5.40E+01,7.00E+00,9.50E-01,4.00E+00,9.26E+00,1.36E+01,5.50E+01,1.80E+01,1.00E+01,2.70E+01,5.00E+00,2.00E+01,2.18E+01,1.53E+00,3.74E+00,5.09E-01,5.83E+00
2781,1.796,1.329,7.30E+01,9.00E+00,9.44E-01,4.00E+00,1.59E+01,1.08E+01,3.00E+01,2.50E+01,6.00E+00,2.40E+01,4.00E+00,2.00E+01,2.58E+01,2.32E+00,5.61E+00,6.04E-01,4.59E+00
2784,1.788,1.353,9.00E+01,7.00E+00,9.50E-01,4.00E+00,2.06E+01,1.08E+01,8.40E+01,1.70E+01,1.10E+01,2.40E+01,6.00E+00,2.80E+01,3.16E+01,2.21E+00,7.25E+00,7.81E-01,4.36E+00
2787,1.78,1.407,6.50E+01,6.00E+00,9.20E-01,4.00E+00,1.14E+01,1.55E+01,9.60E+01,9.00E+00,8.00E+00,1.60E+01,5.50E+00,1.10E+01,2.27E+01,1.36E+00,3.99E+00,6.20E-01,5.70E+00
2802,2.065,1.492,6.40E+01,9.00E+00,9.90E-01,4.00E+00,5.96E+00,1.46E+01,4.00E+01,2.60E+01,8.00E+00,2.40E+01,7.00E+00,1.90E+01,2.60E+01,2.34E+00,2.42E+00,3.52E-01,1.07E+01
2811,1.958,1.17,2.00E+01,1.30E+01,8.70E-01,4.00E+00,5.63E+00,2.24E+01,4.00E+01,2.40E+01,8.00E+00,2.60E+01,7.00E+00,2.10E+01,7.70E+00,1.00E+00,2.17E+00,4.85E-01,3.55E+00
2817,1.927,1.452,5.80E+01,7.00E+00,8.80E-01,4.00E+00,1.16E+01,1.17E+01,5.40E+01,1.80E+01,5.00E+00,4.10E+01,3.00E+00,3.30E+01,2.20E+01,1.54E+00,4.39E+00,5.14E-01,5.00E+00
2818,1.94,1.552,1.90E+01,6.00E+00,8.80E-01,4.00E+00,3.18E+00,4.02E+01,4.80E+01,7.00E+00,4.00E+00,1.00E+01,3.30E+00,8.00E+00,7.25E+00,4.35E-01,1.21E+00,4.88E-01,5.97E+00
2819,1.945,1.334,2.70E+01,1.10E+01,9.10E-01,4.00E+00,3.41E+00,2.63E+01,1.10E+02,1.80E+01,1.10E+01,3.00E+01,9.00E+00,2.20E+01,1.03E+01,1.14E+00,1.30E+00,3.43E-01,7.93E+00
2820,1.843,1.498,4.00E+01,9.00E+00,8.90E-01,4.00E+00,5.28E+00,1.84E+01,9.00E+01,1.80E+01,1.30E+01,2.50E+01,6.00E+00,2.30E+01,1.45E+01,1.30E+00,1.91E+00,3.53E-01,7.57E+00
2821,2.027,1.529,2.90E+01,1.20E+01,9.90E-01,4.00E+00,1.62E+00,4.02E+01,5.00E+01,2.10E+01,7.00E+00,2.80E+01,5.00E+00,2.40E+01,1.16E+01,1.39E+00,6.44E-01,2.59E-01,1.79E+01
2822,2.038,1.106,3.40E+01,1.30E+01,9.60E-01,4.00E+00,4.48E+00,1.55E+01,1.56E+02,1.80E+01,2.60E+01,2.00E+01,2.20E+01,1.40E+01,1.36E+01,1.77E+00,1.79E+00,2.79E-01,7.59E+00
2823,1.371,1.034,3.20E+01,1.30E+01,7.90E-01,4.00E+00,7.09E+00,2.14E+01,9.00E+01,1.60E+01,1.10E+01,2.10E+01,1.00E+01,1.90E+01,8.62E+00,1.12E+00,1.91E+00,4.08E-01,4.51E+00
2824,2.049,1.517,3.10E+01,6.00E+00,9.40E-01,4.00E+00,2.45E+00,4.02E+01,1.20E+02,6.00E+00,8.00E+00,8.00E+00,8.00E+00,6.00E+00,1.25E+01,7.49E-01,9.86E-01,3.96E-01,1.27E+01
2825,1.909,1.272,2.40E+01,1.00E+01,8.40E-01,4.00E+00,1.86E+01,1.17E+01,1.43E+02,1.30E+01,1.40E+01,2.30E+01,8.00E+00,1.70E+01,9.01E+00,9.01E-01,6.97E+00,8.16E-01,1.29E+00
2826,1.67,1.223,4.00E+01,9.00E+00,6.30E-01,4.00E+00,8.25E+00,1.55E+01,3.17E+02,9.00E+00,2.70E+01,1.90E+01,1.90E+01,1.20E+01,1.31E+01,1.18E+00,2.71E+00,4.21E-01,4.85E+00
2827,1.548,1.247,5.30E+01,1.00E+01,8.70E-01,4.00E+00,3.79E+00,1.94E+01,2.21E+02,1.50E+01,1.80E+01,2.20E+01,1.40E+01,1.80E+01,1.61E+01,1.61E+00,1.15E+00,2.24E-01,1.40E+01
2828,1.82,1.27,5.90E+01,9.00E+00,9.50E-01,4.00E+00,4.74E+00,1.94E+01,2.18E+02,1.50E+01,1.80E+01,2.40E+01,1.30E+01,2.00E+01,2.11E+01,1.90E+00,1.69E+00,3.29E-01,1.25E+01
2829,1.986,1.491,3.20E+01,7.00E+00,9.20E-01,4.00E+00,1.20E+00,5.02E+01,2.62E+02,7.00E+00,1.40E+01,1.50E+01,1.50E+01,8.00E+00,1.25E+01,8.75E-01,4.67E-01,2.34E-01,2.68E+01
2830,1.25,0.95,3.60E+01,1.70E+01,3.80E-01,4.00E+00,1.71E+01,1.94E+01,2.50E+02,1.30E+01,1.50E+01,1.90E+01,1.50E+01,1.70E+01,8.85E+00,1.50E+00,4.20E+00,8.16E-01,2.10E+00
2831,2.273,1.399,8.00E+01,1.00E+01,9.80E-01,4.00E+00,3.37E+00,2.24E+01,2.00E+02,1.20E+01,1.00E+01,2.20E+01,1.10E+01,1.80E+01,3.57E+01,3.57E+00,1.50E+00,3.36E-01,2.38E+01
2832,1.759,1.385,5.10E+01,1.10E+01,9.60E-01,4.00E+00,1.04E+00,4.52E+01,1.00E+02,1.30E+01,6.00E+00,3.00E+01,5.00E+00,2.50E+01,1.76E+01,1.94E+00,3.60E-01,1.63E-01,4.90E+01
2833,1.742,1.112,1.93E+02,9.00E+00,9.60E-01,4.00E+00,3.02E+00,2.83E+01,7.00E+01,1.70E+01,9.00E+00,2.30E+01,7.00E+00,1.90E+01,6.61E+01,5.95E+00,1.03E+00,2.93E-01,6.39E+01
2834,1.954,1.287,1.02E+02,5.00E+00,9.60E-01,4.00E+00,3.54E+00,2.63E+01,2.97E+02,6.00E+00,1.50E+01,8.00E+00,1.70E+01,6.00E+00,3.92E+01,1.96E+00,1.36E+00,3.58E-01,2.88E+01
2835,1.72,1.231,7.00E+01,7.00E+00,9.50E-01,4.00E+00,1.89E+00,3.52E+01,1.18E+02,1.50E+01,2.00E+01,1.70E+01,9.00E+00,1.90E+01,2.37E+01,1.66E+00,6.41E-01,2.26E-01,3.69E+01
2836,1.8,1.404,8.90E+01,9.00E+00,9.40E-01,4.00E+00,2.45E+00,3.03E+01,1.00E+02,1.10E+01,9.00E+00,2.80E+01,6.00E+00,2.20E+01,3.15E+01,2.83E+00,8.66E-01,2.62E-01,3.64E+01
2837,1.852,1.373,6.90E+01,9.00E+00,9.90E-01,4.00E+00,2.02E+00,3.03E+01,1.40E+02,1.40E+01,9.00E+00,2.10E+01,9.00E+00,1.80E+01,2.51E+01,2.26E+00,7.36E-01,2.23E-01,3.42E+01
2838,1.939,1.391,7.70E+01,7.00E+00,9.50E-01,4.00E+00,4.32E+00,2.43E+01,2.35E+02,1.00E+01,2.20E+01,2.00E+01,1.30E+01,1.40E+01,2.94E+01,2.05E+00,1.65E+00,4.00E-01,1.78E+01
2839,1.877,1.406,5.80E+01,7.00E+00,8.30E-01,4.00E+00,2.05E+00,4.02E+01,1.06E+02,1.20E+01,1.40E+01,2.20E+01,7.00E+00,1.70E+01,2.14E+01,1.50E+00,7.56E-01,3.04E-01,2.83E+01
2840,2.113,1.308,4.20E+01,1.20E+01,9.60E-01,4.00E+00,2.71E+00,3.52E+01,9.00E+01,1.60E+01,9.00E+00,2.50E+01,8.00E+00,2.10E+01,1.74E+01,2.09E+00,1.13E+00,3.96E-01,1.55E+01
2841,2.065,1.379,4.20E+01,1.00E+01,9.60E-01,4.00E+00,2.08E+00,4.02E+01,5.50E+01,1.70E+01,8.00E+00,2.30E+01,4.00E+00,2.50E+01,1.71E+01,1.71E+00,8.46E-01,3.40E-01,2.02E+01
2842,1.836,1.334,6.50E+01,7.00E+00,8.80E-01,4.00E+00,3.07E+00,3.03E+01,1.22E+02,1.30E+01,1.50E+01,2.00E+01,8.00E+00,1.90E+01,2.35E+01,1.64E+00,1.11E+00,3.35E-01,2.12E+01
2843,2.035,1.537,4.80E+01,7.00E+00,7.40E-01,4.00E+00,2.97E+00,4.32E+01,6.40E+01,1.70E+01,8.00E+00,2.90E+01,5.00E+00,2.30E+01,1.92E+01,1.34E+00,1.19E+00,5.14E-01,1.61E+01
2844,1.854,1.486,4.60E+01,7.00E+00,8.00E-01,4.00E+00,2.13E+00,5.02E+01,8.30E+01,1.50E+01,1.30E+01,2.40E+01,5.00E+00,2.40E+01,1.68E+01,1.17E+00,7.75E-01,3.88E-01,2.16E+01
2845,2.311,1.619,3.70E+01,8.00E+00,8.90E-01,4.00E+00,2.02E+00,4.82E+01,5.40E+01,1.90E+01,7.00E+00,3.70E+01,3.00E+00,3.10E+01,1.68E+01,1.34E+00,9.19E-01,4.43E-01,1.83E+01
2846,1.948,1.356,2.60E+01,9.00E+00,9.70E-01,4.00E+00,7.32E+00,1.65E+01,4.80E+01,2.10E+01,6.00E+00,3.30E+01,4.00E+00,2.40E+01,9.96E+00,8.96E-01,2.80E+00,4.62E-01,3.55E+00
2847,2.008,1.525,3.00E+01,9.00E+00,9.50E-01,4.00E+00,2.21E+00,3.03E+01,4.50E+01,2.20E+01,1.00E+01,2.30E+01,4.00E+00,2.60E+01,1.18E+01,1.07E+00,8.73E-01,2.64E-01,1.36E+01
2848,1.903,1.427,3.20E+01,1.20E+01,9.50E-01,4.00E+00,5.26E+00,1.94E+01,4.20E+01,3.00E+01,1.10E+01,2.10E+01,7.00E+00,2.10E+01,1.20E+01,1.44E+00,1.97E+00,3.82E-01,6.08E+00
2849,1.934,1.398,4.90E+01,1.00E+01,9.00E-01,4.00E+00,7.44E+00,1.65E+01,5.00E+01,2.10E+01,7.00E+00,2.80E+01,6.00E+00,2.40E+01,1.86E+01,1.86E+00,2.83E+00,4.67E-01,6.58E+00
2850,1.804,1.285,4.70E+01,7.00E+00,9.50E-01,4.00E+00,5.89E+00,2.04E+01,6.00E+01,1.00E+01,4.00E+00,1.20E+01,3.00E+00,8.00E+00,1.67E+01,1.17E+00,2.09E+00,4.26E-01,7.97E+00
2851,2.09,1.599,5.20E+01,7.00E+00,8.60E-01,4.00E+00,1.30E+01,1.36E+01,5.60E+01,1.70E+01,9.00E+00,1.90E+01,5.00E+00,2.10E+01,2.14E+01,1.50E+00,5.35E+00,7.28E-01,3.99E+00
2852,1.962,1.371,5.20E+01,9.00E+00,8.40E-01,4.00E+00,7.38E+00,1.94E+01,5.00E+01,1.80E+01,8.00E+00,2.40E+01,9.00E+00,1.80E+01,2.01E+01,1.81E+00,2.85E+00,5.53E-01,7.05E+00
2853,1.599,1.22,4.40E+01,1.10E+01,9.90E-01,4.00E+00,6.06E+00,1.84E+01,3.00E+01,3.40E+01,9.00E+00,2.30E+01,5.00E+00,2.60E+01,1.38E+01,1.52E+00,1.91E+00,3.51E-01,7.26E+00
2854,1.925,1.466,5.10E+01,8.00E+00,8.90E-01,4.00E+00,6.18E+00,1.46E+01,6.70E+01,1.80E+01,8.00E+00,2.50E+01,5.00E+00,2.60E+01,1.93E+01,1.54E+00,2.34E+00,3.41E-01,8.25E+00
2855,1.915,1.458,3.80E+01,9.00E+00,8.80E-01,4.00E+00,7.89E+00,2.04E+01,4.00E+01,2.20E+01,3.00E+00,4.00E+01,3.00E+00,3.40E+01,1.43E+01,1.29E+00,2.97E+00,6.05E-01,4.82E+00
2856,1.157,0.997,1.20E+02,7.00E+00,8.50E-01,4.00E+00,3.27E+01,9.85E+00,4.00E+01,9.00E+00,5.00E+00,1.30E+01,4.00E+00,9.00E+00,2.73E+01,1.91E+00,7.43E+00,7.32E-01,3.67E+00
2857,2.002,1.397,7.00E+01,9.00E+00,8.90E-01,4.00E+00,1.36E+01,1.17E+01,4.80E+01,2.00E+01,5.00E+00,3.00E+01,3.00E+00,3.10E+01,2.75E+01,2.48E+00,5.35E+00,6.26E-01,5.15E+00
2858,2.161,1.581,3.40E+01,8.00E+00,9.00E-01,,4.00E+00,3.50E+01,5.00E+01,2.00E+01,6.00E+00,2.90E+01,3.00E+00,2.90E+01,1.44E+01,1.16E+00,1.70E+00,5.95E-01,8.50E+00
2859,2.128,1.273,8.20E+01,7.00E+00,8.90E-01,4.00E+00,1.30E+01,1.46E+01,5.80E+01,2.10E+01,9.00E+00,3.20E+01,4.00E+00,3.30E+01,3.43E+01,2.40E+00,5.45E+00,7.94E-01,6.29E+00
2860,1.675,1.417,7.00E+01,9.00E+00,8.80E-01,4.00E+00,2.35E+01,1.26E+01,4.30E+01,7.00E+00,4.00E+00,1.10E+01,4.00E+00,9.00E+00,2.30E+01,2.07E+00,7.75E+00,9.80E-01,2.98E+00
2861,1.89,1.575,1.00E+02,9.00E+00,9.90E-01,4.00E+00,1.62E+01,9.85E+00,3.00E+01,2.00E+01,6.00E+00,2.20E+01,5.00E+00,1.90E+01,3.72E+01,3.34E+00,6.00E+00,5.91E-01,6.19E+00
2862,2.073,1.49,4.50E+01,1.00E+01,9.10E-01,4.00E+00,5.71E+00,1.36E+01,4.50E+01,2.40E+01,8.00E+00,2.30E+01,5.00E+00,2.20E+01,1.83E+01,1.83E+00,2.33E+00,3.17E-01,7.88E+00
2863,2.018,1.423,3.90E+01,1.00E+01,9.50E-01,4.00E+00,2.63E+00,2.24E+01,4.00E+01,1.80E+01,6.00E+00,2.20E+01,4.00E+00,1.90E+01,1.55E+01,1.55E+00,1.04E+00,2.33E-01,1.48E+01
2864,1.937,1.342,7.10E+01,1.00E+01,9.40E-01,4.00E+00,1.80E+01,1.08E+01,7.00E+01,1.70E+01,7.00E+00,2.40E+01,4.00E+00,2.10E+01,2.70E+01,2.70E+00,6.85E+00,7.37E-01,3.95E+00
2865,1.704,1.349,7.20E+01,9.00E+00,9.80E-01,4.00E+00,1.41E+01,1.36E+01,4.00E+01,1.90E+01,9.00E+00,2.00E+01,5.00E+00,2.30E+01,2.41E+01,2.17E+00,4.72E+00,6.42E-01,5.11E+00
2866,1.892,1.138,5.30E+01,7.00E+00,9.80E-01,4.00E+00,9.84E+00,1.55E+01,2.50E+02,9.00E+00,1.60E+01,1.30E+01,1.40E+01,1.10E+01,1.97E+01,1.38E+00,3.66E+00,5.68E-01,5.39E+00
2867,1.744,1.183,7.50E+01,7.00E+00,9.00E-01,4.00E+00,8.78E+00,2.04E+01,6.90E+01,1.90E+01,8.00E+00,3.50E+01,5.00E+00,2.80E+01,2.57E+01,1.80E+00,3.01E+00,6.14E-01,8.54E+00
2868,2.077,1.447,8.40E+01,9.00E+00,9.30E-01,4.00E+00,1.19E+01,1.08E+01,3.00E+01,2.40E+01,6.00E+00,2.30E+01,4.00E+00,2.10E+01,3.43E+01,3.09E+00,4.87E+00,5.25E-01,7.04E+00
2869,1.774,1.275,7.40E+01,7.00E+00,7.20E-01,4.00E+00,2.46E+01,1.17E+01,1.00E+02,1.40E+01,1.10E+01,2.10E+01,6.00E+00,2.30E+01,2.58E+01,1.81E+00,8.57E+00,1.00E+00,3.01E+00
2870,1.825,1.295,1.45E+02,6.00E+00,8.90E-01,4.00E+00,4.49E+00,1.65E+01,9.90E+01,1.60E+01,1.40E+01,2.80E+01,7.00E+00,2.60E+01,5.20E+01,3.12E+00,1.61E+00,2.66E-01,3.23E+01
2871,2.292,1.718,8.00E+01,7.00E+00,9.30E-01,4.00E+00,1.19E+01,1.17E+01,3.80E+01,2.40E+01,7.00E+00,3.60E+01,3.00E+00,4.00E+01,3.60E+01,2.52E+00,5.38E+00,6.29E-01,6.70E+00
2872,2.162,1.393,1.01E+02,7.00E+00,8.90E-01,4.00E+00,1.93E+01,1.17E+01,5.90E+01,2.00E+01,8.00E+00,3.70E+01,3.00E+00,4.30E+01,4.29E+01,3.00E+00,8.21E+00,9.61E-01,5.23E+00
2873,2.009,1.402,1.05E+02,6.00E+00,8.90E-01,4.00E+00,4.29E+01,8.94E+00,4.60E+01,1.80E+01,1.00E+01,3.20E+01,3.00E+00,3.60E+01,4.15E+01,2.49E+00,1.70E+01,1.52E+00,2.45E+00
2874,1.775,1.214,1.68E+02,7.00E+00,9.20E-01,4.00E+00,3.85E+01,9.85E+00,5.30E+01,1.80E+01,9.00E+00,2.70E+01,3.00E+00,2.80E+01,5.86E+01,4.10E+00,1.34E+01,1.32E+00,4.37E+00
2875,2.036,1.594,1.20E+02,7.00E+00,8.90E-01,4.00E+00,2.53E+01,1.08E+01,7.00E+01,2.00E+01,1.30E+01,2.50E+01,6.00E+00,3.00E+01,4.80E+01,3.36E+00,1.01E+01,1.09E+00,4.75E+00
2876,1.866,1.456,8.40E+01,7.00E+00,9.90E-01,4.00E+00,2.82E+01,1.08E+01,4.30E+01,2.30E+01,8.00E+00,2.70E+01,4.00E+00,3.20E+01,3.08E+01,2.16E+00,1.03E+01,1.11E+00,2.98E+00
2877,1.609,1.247,1.44E+02,7.00E+00,9.20E-01,4.00E+00,4.89E+01,9.85E+00,6.50E+01,2.40E+01,1.00E+01,4.20E+01,6.00E+00,4.00E+01,4.55E+01,3.19E+00,1.55E+01,1.52E+00,2.94E+00
2879,2.281,1.624,8.80E+01,7.00E+00,9.40E-01,4.00E+00,1.36E+01,1.17E+01,5.40E+01,2.20E+01,5.00E+00,5.20E+01,3.00E+00,4.40E+01,3.95E+01,2.76E+00,6.11E+00,7.15E-01,6.46E+00
2880,1.796,1.388,1.56E+02,6.00E+00,9.20E-01,4.00E+00,1.45E+01,1.08E+01,5.20E+01,2.50E+01,1.30E+01,3.70E+01,6.00E+00,3.00E+01,5.51E+01,3.30E+00,5.10E+00,5.50E-01,1.08E+01
2895,1.93,1.392,3.90E+01,1.00E+01,9.60E-01,4.00E+00,5.52E+00,1.65E+01,4.50E+01,1.90E+01,1.00E+01,2.00E+01,8.00E+00,2.10E+01,1.48E+01,1.48E+00,2.09E+00,3.45E-01,7.06E+00
2896,1.912,1.428,6.20E+01,9.00E+00,9.60E-01,4.00E+00,4.06E+00,1.75E+01,4.00E+01,2.60E+01,8.00E+00,2.50E+01,6.00E+00,2.30E+01,2.33E+01,2.10E+00,1.53E+00,2.67E-01,1.53E+01
2975,1.556,1.205,6.90E+01,7.00E+00,9.30E-01,4.00E+00,2.26E+00,3.03E+01,2.17E+02,1.10E+01,1.60E+01,2.10E+01,1.10E+01,1.70E+01,2.11E+01,1.48E+00,6.91E-01,2.09E-01,3.06E+01
3208,2.04,1.246,1.10E+02,6.00E+00,9.90E-01,4.00E+00,3.24E+01,9.85E+00,4.60E+01,2.30E+01,9.00E+00,3.50E+01,4.00E+00,3.60E+01,4.41E+01,2.65E+00,1.30E+01,1.28E+00,3.39E+00
3454,1.8,1.224,2.60E+01,9.00E+00,7.30E-01,4.00E+00,4.79E+00,2.04E+01,2.95E+02,8.00E+00,2.60E+01,1.30E+01,2.00E+01,9.00E+00,9.20E+00,8.28E-01,1.70E+00,3.46E-01,5.42E+00
6000,2.12,1.608,1.15E+02,9.00E+00,9.90E-01,4.00E+00,5.45E+00,1.94E+01,4.00E+01,2.10E+01,1.20E+01,2.10E+01,1.20E+01,1.80E+01,4.79E+01,4.31E+00,2.27E+00,4.41E-01,2.11E+01
6001,1.33,1.513,2.93E+02,9.00E+00,8.80E-01,4.00E+00,8.18E+00,1.84E+01,8.00E+01,1.70E+01,1.00E+01,2.00E+01,1.00E+01,1.90E+01,7.66E+01,6.89E+00,2.14E+00,3.94E-01,3.58E+01
6002,1.478,1.205,1.00E+02,9.00E+00,9.60E-01,4.00E+00,9.06E+00,1.46E+01,6.00E+01,1.70E+01,1.00E+01,1.90E+01,8.00E+00,2.10E+01,2.91E+01,2.62E+00,2.63E+00,3.83E-01,1.10E+01
6003,1.343,1.296,9.00E+01,1.00E+01,9.90E-01,4.00E+00,1.02E+01,1.26E+01,8.50E+01,1.60E+01,1.30E+01,2.30E+01,7.00E+00,2.20E+01,2.38E+01,2.38E+00,2.69E+00,3.41E-01,8.82E+00
6004,1.417,1.312,8.80E+01,1.00E+01,9.60E-01,4.00E+00,1.13E+01,1.36E+01,8.60E+01,1.60E+01,1.10E+01,2.00E+01,8.00E+00,2.20E+01,2.45E+01,2.45E+00,3.13E+00,4.26E-01,7.82E+00
6005,1.36,1.289,1.42E+02,9.00E+00,4.40E-01,4.00E+00,7.05E+00,2.24E+01,4.50E+01,2.40E+01,8.00E+00,2.20E+01,9.00E+00,2.00E+01,3.80E+01,3.42E+00,1.88E+00,4.21E-01,2.02E+01
6006,1.022,0.94,1.20E+02,1.00E+01,9.90E-01,4.00E+00,1.30E+01,1.26E+01,2.00E+02,1.10E+01,1.30E+01,2.10E+01,1.00E+01,1.90E+01,2.41E+01,2.41E+00,2.62E+00,3.31E-01,9.21E+00
6007,1.314,1.208,9.20E+01,9.00E+00,7.30E-01,4.00E+00,1.32E+01,1.17E+01,1.20E+02,1.30E+01,8.00E+00,2.80E+01,8.00E+00,2.30E+01,2.38E+01,2.14E+00,3.40E+00,3.98E-01,7.00E+00
6008,1.49,1.309,8.60E+01,9.00E+00,9.40E-01,4.00E+00,8.09E+00,1.55E+01,1.60E+02,1.20E+01,9.00E+00,2.70E+01,7.00E+00,2.20E+01,2.52E+01,2.27E+00,2.37E+00,3.68E-01,1.06E+01
7000,1.482,1.056,1.70E+02,7.00E+00,4.50E-01,4.00E+00,9.44E+01,1.08E+01,3.80E+02,1.10E+01,2.70E+01,2.00E+01,2.40E+01,1.50E+01,4.95E+01,3.47E+00,2.75E+01,2.96E+00,1.80E+00
7001,1.482,1.233,1.10E+02,7.00E+00,9.90E-01,4.00E+00,4.55E+01,1.17E+01,2.10E+02,1.20E+01,1.60E+01,2.40E+01,1.20E+01,1.80E+01,3.20E+01,2.24E+00,1.32E+01,1.55E+00,2.42E+00
7002,1.482,1.191,1.90E+02,7.00E+00,9.90E-01,4.00E+00,3.64E+01,1.17E+01,1.80E+02,1.10E+01,1.40E+01,2.30E+01,1.10E+01,1.60E+01,5.54E+01,3.87E+00,1.06E+01,1.24E+00,5.23E+00
